8.687700045724736642e-01 1.042524005486968469e-01
7.681755829903978705e-02 3.342478280749885955e-01
5.944215820759030100e-01 7.037037037037037202e-01
9.830818472793781959e-01 6.524919981710105565e-01
1.714677640603566589e-01 9.501600365797896464e-01
4.476451760402377911e-01 1.906721536351166091e-01
7.411979881115683400e-01 8.870598994055783892e-01
3.305898491083676394e-01 2.400548696844993224e-01
3.973479652491997971e-01 5.477823502514860277e-01
8.088705989940557783e-01 7.658893461362596966e-01
4.572473708276200027e-04 4.481024234110653898e-02
5.793324188385916562e-01 3.973479652491997971e-01
9.332418838591678423e-01 1.225422953818015581e-01
1.358024691358024616e-01 6.076817558299040245e-01
4.951989026063099986e-01 9.707361682670324621e-01
6.941015089163237173e-01 4.997713763145861798e-01
2.295381801554640944e-01 8.486511202560584888e-01
4.188385916780978380e-01 2.752629172382258793e-01
8.486511202560584888e-01 4.092363968907178906e-01
4.892546867855510073e-02 6.909007773205304570e-01
6.369455875628715624e-01 3.292181069958848016e-02
9.135802469135801962e-01 9.149519890260631172e-01
2.213077274805669847e-01 1.600365797896662057e-01
5.395518975765889458e-01 5.916780978509373901e-01
7.069044352994969804e-01 3.054412437128486424e-01
2.862368541380886922e-01 4.476451760402377911e-01
3.379058070416094961e-01 7.832647462277091410e-01
8.573388203017832110e-01 8.385916780978509566e-01
1.088248742569730282e-01 2.917238225880200986e-01
6.113397347965249251e-01 5.134887974394146681e-01
9.935985368084133684e-01 6.675811614083218548e-02
1.783264746227709308e-01 3.900320073159579404e-01
4.604481024234110542e-01 7.512574302697759832e-01
7.585733882030177844e-01 6.282578875171467292e-01
3.031550068587105518e-01 9.935985368084133684e-01
3.808870598994055778e-01 1.307727480566986678e-01
7.974394147233653252e-01 4.714220393232738671e-01
1.554641060813899932e-02 8.079561042524004977e-01
5.642432556012803024e-01 3.264746227709190429e-01
9.570187471422039183e-01 6.771833561957019132e-01
1.179698216735253768e-01 1.188843164151806055e-02
5.112025605852766885e-01 4.279835390946502005e-01
6.753543667123913519e-01 1.755829903978051998e-01
2.542295381801554788e-01 5.605852766346594018e-01
4.243255601280292444e-01 8.948331047096479418e-01
8.184727937814357812e-01 2.478280749885688194e-01
5.898491083676268842e-02 5.400091449474165861e-01
6.460905349794238139e-01 8.669410150891632139e-01
9.039780521262003044e-01 3.639689071787837182e-01
2.085048010973936938e-01 7.183356195701874336e-01
5.459533607681755774e-01 8.139003200731595444e-02
7.288523090992227171e-01 9.277549154092363803e-01
2.743484224965706542e-01 2.007315957933241968e-01
3.543667123914037709e-01 6.387745770461820127e-01
8.815729309556470383e-01 5.697302240512116533e-01
9.190672153635116859e-02 9.122085048010973862e-01
6.191129401005943667e-01 1.614083219021490712e-01
9.675354366712390908e-01 8.001828989483310561e-01
1.545496113397347993e-01 3.168724279835390956e-01
4.705075445816186419e-01 4.663923182441701010e-01
7.732053040695016088e-01 2.057613168724279837e-02
3.200731595793324114e-01 4.352994970278921127e-01
3.831732967535436685e-01 7.005029721079103489e-01
7.777777777777777901e-01 2.194787379972565067e-01
3.429355281207133177e-02 6.620941929583904484e-01
5.912208504801097497e-01 9.515317786922725674e-01
9.451303155006858248e-01 5.221764974851395014e-01
1.348879743941472364e-01 8.518518518518518601e-01
4.814814814814814548e-01 2.318244170096021850e-01
6.799268404206675331e-01 7.320530406950159774e-01
2.432556012802926382e-01 9.693644261545496243e-02
4.412437128486511040e-01 3.561957018747142212e-01
8.385916780978509566e-01 9.766803840877914533e-01
6.310013717421124324e-02 1.417466849565615084e-01
6.643804298125285390e-01 6.017375400091449222e-01
8.984910836762688424e-01 2.601737540009144700e-01
1.897576588934613562e-01 4.842249657064471857e-01
5.226337448559670307e-01 8.225880201188843222e-01
7.251943301326017055e-01 3.813443072702332182e-01
2.642889803383630665e-01 7.581161408321902551e-01
3.685413808870598995e-01 5.578417924096937264e-02
8.728852309099223161e-01 3.991769547325103029e-01
8.184727937814358090e-02 7.727480566986739685e-01
6.044810242341106532e-01 3.886602652034751304e-02
9.862825788751714562e-01 9.643347050754458305e-01
1.646090534979423869e-01 1.161408321902149127e-01
4.485596707818930162e-01 6.163694558756287467e-01
7.453132144490168809e-01 2.798353909465020606e-01
3.264746227709190429e-01 4.938271604938271331e-01
4.005486968449931684e-01 8.404206675811614069e-01
8.033836305441243164e-01 2.652034750800183124e-02
6.858710562414270170e-03 4.147233653406492970e-01
5.706447187928669340e-01 6.831275720164609044e-01
9.378143575674440235e-01 5.843621399176954778e-01
1.422039323273891209e-01 9.204389574759944681e-01
5.025148605395518553e-01 1.536351165980795741e-01
6.968449931412894482e-01 7.892089620484682433e-01
2.226794695930498502e-01 2.999542752629172360e-01
4.078646547782350251e-01 4.535893918609967823e-01
8.472793781435756788e-01 7.151348879743941733e-01
4.206675811614082883e-02 9.967992684042066565e-02
6.314586191129401005e-01 3.411065386374028119e-01
9.195244627343392985e-01 1.938728852309099249e-01
2.112482853223593970e-01 6.492912665752171852e-01
5.349794238683127645e-01 9.401005944215821142e-01
7.133058984910837230e-01 5.468678555098308580e-01
2.885230909922267828e-01 8.824874256973022080e-01
3.342478280749885955e-01 2.441700960219478633e-01
8.614540466392318629e-01 3.209876543209876365e-01
1.056241426611796985e-01 4.791952446273434196e-01
6.149977137631458257e-01 8.033836305441243164e-01
9.908550525834476375e-01 4.234110653863740192e-01
1.819844535893918591e-01 6.712391403749428109e-01
4.609053497942386945e-01 7.773205304069499659e-03
7.617741197988111557e-01 8.994055784179241231e-01
2.962962962962962798e-01 1.801554641060813811e-01
3.735711019661637211e-01 5.573845450388660305e-01
7.937814357567444246e-01 8.715134887974393951e-01
1.737540009144947911e-02 2.528577960676726133e-01
5.619570187471422118e-01 5.326931870141746739e-01
9.602194787379972896e-01 7.498856881572930899e-02
1.211705532693187065e-01 3.589391860996799521e-01
5.176040237768633201e-01 7.251943301326017055e-01
6.744398719707361822e-01 6.319158664837677408e-01
2.496570644718792975e-01 9.346136259716506522e-01
4.307270233196159315e-01 2.053040695016003780e-01
8.257887517146776934e-01 5.153177869227252295e-01
5.121170553269317749e-02 8.289894833104709537e-01
6.520347508001829162e-01 2.857796067672611073e-01
9.122085048010973862e-01 7.466849565614998019e-01
2.025605852766346471e-01 6.995884773662551515e-02
5.491540923639689487e-01 3.854595336076817591e-01
7.402834933699131703e-01 1.239140374942844097e-01
2.802926383173297009e-01 6.204846822130772876e-01
3.456790123456789932e-01 9.894833104709648275e-01
8.866026520347507489e-01 9.620484682213077399e-01
8.870598994055783892e-02 2.107910379515317845e-01
6.268861454046639192e-01 6.634659350708733694e-01
9.638774577046181902e-01 2.226794695930498502e-01
1.481481481481481399e-01 5.244627343392775920e-01
4.750800182898948232e-01 8.573388203017832110e-01
7.677183356195701469e-01 3.475080018289894990e-01
3.109282121627800488e-01 7.389117512574302493e-01
3.914037494284408059e-01 8.916323731138546538e-02
7.869227251943301527e-01 5.957933241883859310e-01
2.834933699131229889e-02 9.817101051668952749e-01
5.834476451760401972e-01 1.458619112940100493e-01
9.478737997256515557e-01 8.166438042981253309e-01
1.280292638317329645e-01 2.670324645633287419e-01
4.878829446730681418e-01 4.919981710105166828e-01
6.895290352080475360e-01 5.944215820759030794e-02
2.363968907178783663e-01 3.735711019661637211e-01
4.366712391403749227e-01 7.649748513946045270e-01
8.303612254229537637e-01 1.714677640603566589e-01
7.133058984910836675e-02 5.770461819844535656e-01
6.543209876543210068e-01 9.012345679012345734e-01
8.948331047096479418e-01 4.631915866483767852e-01
1.952446273433927626e-01 7.901234567901234129e-01
5.189757658893461301e-01 3.150434385002286453e-01
7.224508459076360856e-01 6.982167352537722582e-01
2.610882487425697507e-01 1.508916323731139021e-02
3.603109282121627621e-01 4.435299497027891946e-01
8.641975308641974829e-01 6.812985825331504541e-01
8.550525834476452314e-02 3.109282121627800904e-02
5.999085505258344719e-01 4.183813443072702531e-01
9.775948788294467340e-01 1.481481481481481399e-01
1.614083219021490712e-01 5.820759030635573872e-01
4.540466392318244226e-01 9.227251943301325587e-01
7.489711934156378925e-01 4.517604023776863320e-01
3.232738911751257271e-01 7.805212620027435211e-01
4.069501600365798000e-01 3.013260173754001015e-01
8.125285779606766789e-01 3.447645176040237680e-01
1.143118427069043930e-02 7.110196616369456324e-01
5.733882030178326650e-01 1.101966163694558798e-01
9.286694101508916610e-01 9.446730681298582954e-01
1.444901691815272116e-01 1.879286694101508781e-01
4.979423868312757295e-01 6.424325560128029133e-01
7.009602194787379892e-01 2.345679012345678882e-01
2.331961591220850505e-01 5.550983081847279399e-01
4.151806127114768818e-01 8.788294467306813074e-01
8.408779149519890472e-01 4.801097393689986170e-02
3.840877914951988659e-02 4.046639231824417093e-01
6.415180612711477437e-01 7.750342935528120591e-01
9.250114311842706494e-01 6.108824874256972848e-01
2.158207590306355783e-01 9.748513946044810030e-01
5.326931870141746739e-01 1.129401005944215830e-01
7.110196616369456324e-01 8.463648834019203981e-01
2.921810699588477389e-01 2.780064014631916103e-01
3.415637860082304522e-01 5.038866026520347763e-01
8.518518518518518601e-01 5.358939186099680452e-01
1.019661636945587563e-01 8.724279835390946758e-01
6.049382716049382935e-01 2.583447645176040197e-01
9.986282578875171900e-01 7.224508459076360856e-01
1.728395061728394966e-01 8.230452674897119347e-02
4.668495656149977413e-01 3.694558756287151247e-01
7.567443987197073341e-01 2.089620484682213064e-01
3.058984910836762827e-01 6.360310928212162818e-01
3.767718335619570369e-01 9.314128943758573920e-01
7.983539094650206058e-01 2.953818015546410547e-01
2.240512117055326949e-02 5.084590763603109576e-01
5.582990397805213112e-01 8.312757201646090444e-01
9.524462734339277370e-01 3.914037494284408059e-01
1.120256058527663440e-01 7.443987197073617113e-01
5.061728395061728669e-01 6.218564243255601115e-02
6.680384087791495507e-01 9.981710105166895497e-01
2.588020118884316600e-01 1.326017375400091458e-01
4.220393232738911538e-01 6.213991769547324573e-01
8.203017832647462315e-01 8.120713305898491496e-01
5.578417924096937264e-02 3.315043438500228645e-01
6.419753086419752730e-01 4.741655235482395980e-01
9.058070416095107547e-01 3.200731595793320124e-03
1.975308641975308532e-01 4.252400548696845251e-01
5.537265660722451299e-01 6.666666666666666297e-01
7.338820301783264277e-01 5.674439871970735627e-01
2.761774119798811045e-01 8.920896204846822108e-01
3.511659807956103996e-01 1.838134430727023372e-01
8.783721993598536670e-01 1.371742112482853271e-01
9.830818472793781404e-02 5.989940557841791913e-01
6.241426611796981883e-01 9.853680841335162865e-01
9.725651577503429124e-01 4.869684499314129167e-01
1.591220850480109805e-01 8.257887517146776934e-01
4.782807498856881390e-01 2.674897119341563823e-01
7.741197988111568895e-01 7.562871513488796937e-01
3.164151806127114552e-01 5.029721079103795234e-02
3.872885230909922094e-01 3.776863283036122620e-01
7.818930041152263311e-01 9.062642889803383950e-01
3.063557384545038953e-02 1.678097850937357027e-01
5.852766346593507585e-01 5.733882030178326650e-01
9.405578417924096435e-01 3.100137174211248237e-01
1.262002743484224865e-01 4.604481024234110542e-01
4.901691815272062325e-01 7.946959304983995942e-01
6.831275720164609044e-01 4.371284865112025630e-01
2.418838591678097727e-01 6.913580246913579863e-01
4.334705075445816069e-01 1.737540009144947911e-02
8.331047096479194947e-01 6.543209876543210068e-01
6.904435299497027612e-02 9.583904892546868393e-01
6.620941929583904484e-01 2.167352537722908035e-01
8.898033836305441202e-01 8.605395518975765823e-01
1.851851851851851749e-01 2.272519433013260037e-01
5.276634659350708523e-01 5.272062185642432119e-01
7.197073616826703546e-01 9.327846364883402019e-02
2.702331961591220577e-01 3.520804755372656802e-01
3.630544124371284931e-01 7.325102880658436177e-01
8.705989940557842255e-01 6.191129401005943667e-01
7.590306355738454802e-02 9.903978052126199971e-01
5.930498399634202000e-01 1.266575217192501268e-01
9.817101051668952749e-01 8.276177411979881438e-01
1.687242798353909556e-01 2.866941015089163325e-01
4.458161865569272853e-01 5.166895290352080394e-01
7.434842249657064306e-01 7.315957933241884481e-02
3.319615912208505049e-01 3.845450388660265340e-01
3.978052126200274374e-01 7.453132144490168809e-01
8.074988568815729684e-01 1.787837219935985433e-01
3.200731595793320124e-03 5.582990397805213112e-01
5.784179240969364866e-01 8.975765889346136728e-01
9.309556470050297516e-01 4.782807498856881390e-01
1.394604481024234177e-01 8.052126200274348777e-01
4.947416552354824137e-01 3.232738911751257271e-01
6.936442615454960769e-01 6.721536351165980916e-01
2.286236854138088692e-01 4.115226337448560021e-03
4.165523548239597473e-01 4.220393232738911538e-01
8.491083676268861291e-01 9.368998628257887429e-01
4.572473708276177107e-02 2.021033379058070345e-01
6.355738454503886414e-01 6.300868770004572905e-01
9.149519890260631172e-01 2.510288065843621630e-01
2.181069958847736689e-01 5.345221764974851242e-01
5.427526291723822061e-01 8.687700045724736642e-01
7.046181984453588898e-01 3.603109282121627621e-01
2.848651120256058267e-01 7.261088248742569862e-01
3.401920438957475867e-01 7.681755829903978705e-02
8.591678097850937723e-01 1.234567901234568006e-02
1.079103795153177892e-01 4.426154549611339695e-01
6.095107453132144748e-01 6.968449931412894482e-01
9.926840420667580878e-01 5.797896662094192965e-01
1.801554641060813811e-01 9.044352994970279447e-01
4.590763603109281887e-01 1.710105166895290463e-01
7.599451303155007054e-01 7.914951989026063339e-01
3.004115226337448763e-01 3.155006858710562301e-01
3.822588020118884433e-01 4.641060813900320103e-01
7.951531778692272345e-01 7.393689986282578896e-01
1.280292638317329958e-02 8.824874256973022635e-02
5.669867398262460334e-01 3.456790123456789932e-01
9.547325102880658276e-01 2.121627800640146222e-01
1.156835848193872862e-01 6.657521719250114600e-01
5.125743026977594985e-01 9.602194787379972896e-01
6.780978509373570828e-01 5.258344764517604020e-01
2.533150434385002536e-01 8.591678097850937723e-01
4.256973022405121099e-01 2.240512117055326879e-01
8.171010516689528602e-01 3.712848651120256305e-01
6.035665294924554003e-02 7.622313671696387960e-01
6.483767718335619046e-01 6.127114769090077906e-02
9.026063100137173834e-01 9.794238683127571843e-01
2.062185642432556032e-01 1.444901691815272116e-01
5.436671239140374867e-01 5.930498399634202000e-01
7.302240512117055271e-01 2.633744855967078413e-01
2.725194330132601483e-01 4.929126657521719079e-01
3.566529492455418615e-01 8.184727937814357812e-01
8.824874256973022080e-01 8.815729309556470383e-01
9.373571101966163277e-02 2.432556012802926382e-01
6.204846822130772876e-01 5.436671239140374867e-01
9.702789208962048217e-01 1.024234110653863689e-01
1.531778692272519338e-01 3.374485596707819113e-01
4.700502972107910571e-01 7.123914037494284424e-01
7.709190672153635182e-01 6.465477823502514543e-01
3.173296753543667359e-01 9.414723365340649242e-01
3.854595336076817591e-01 1.966163694558756281e-01
7.791495198902606001e-01 4.974851394604480892e-01
3.383630544124371226e-02 8.408779149519890472e-01
5.889346136259716591e-01 2.812071330589849261e-01
9.437585733882030148e-01 7.700045724737082375e-01
1.326017375400091458e-01 3.795153177869226707e-02
4.842249657064471857e-01 4.010059442158207532e-01
6.803840877914951735e-01 1.188843164151806159e-01
2.455418381344307288e-01 6.140832190214906561e-01
4.426154549611339695e-01 9.634202103337905498e-01
8.372199359853680356e-01 2.985825331504343705e-01
6.447187928669409485e-02 4.540466392318244226e-01
6.625514403292180887e-01 7.864654778235025123e-01
8.980338363054412021e-01 4.115226337448559812e-01
1.925011431184270594e-01 6.863283036122542757e-01
5.249199817101051213e-01 2.560585276634658874e-02
7.256515775034293458e-01 9.186099679926840178e-01
2.665752171925011571e-01 1.559213534522176370e-01
3.689986282578875398e-01 5.857338820301782878e-01
8.742569730224051261e-01 8.907178783721994009e-01
7.910379515317786381e-02 1.819844535893918591e-01
6.008230452674897526e-01 5.651577503429355831e-01
9.853680841335162865e-01 3.301326017375399990e-01
1.664380429812528650e-01 4.750800182898948232e-01
4.513031550068586917e-01 8.111568358481938690e-01
7.480566986739826119e-01 4.270690443529949754e-01
3.260173754000914581e-01 6.694101508916323606e-01
4.028349336991312035e-01 4.572473708276200027e-04
8.047553726566072374e-01 6.374028349336990917e-01
5.486968449931409891e-03 9.327846364883402019e-01
5.688157293095564837e-01 2.071330589849108283e-01
9.350708733424782926e-01 8.760859625057155764e-01
1.435756744398719587e-01 2.551440329218107039e-01
5.048010973936899459e-01 5.386374028349336651e-01
6.991312299954275389e-01 8.367626886145404508e-02
2.240512117055326879e-01 3.685413808870598995e-01
4.106081390032007561e-01 7.238225880201188955e-01
8.445358939186099478e-01 1.344307270233196239e-01
4.252400548696844834e-02 6.236854138088705479e-01
6.305441243712848198e-01 9.995427526291723597e-01
9.213534522176497488e-01 5.070873342478280366e-01
2.103337905807041719e-01 8.331047096479194947e-01
5.386374028349336651e-01 2.926383173296753792e-01
7.119341563786008020e-01 7.407407407407406996e-01
2.917238225880200986e-01 6.538637402834933388e-02
3.351623228166438206e-01 3.923182441700960310e-01
8.637402834933699536e-01 3.525377229080932651e-01
1.037951531778692205e-01 7.357110196616369890e-01
6.140832190214906561e-01 9.282121627800640762e-02
9.881115683584819065e-01 9.547325102880658276e-01
1.824417009602194717e-01 2.139917695473251003e-01
4.622770919067215600e-01 6.561499771376314571e-01
7.626886145404664363e-01 2.299954275262917347e-01
2.985825331504343705e-01 5.294924554183813026e-01
3.726566072245084404e-01 8.623685413808870326e-01
7.910379515317786936e-01 5.304069501600366249e-02
1.874714220393233072e-02 3.763145861911293966e-01
5.633287608596250218e-01 7.530864197530864335e-01
9.625057155921353802e-01 5.994513031550068316e-01
1.202560585276634675e-01 9.844535893918610059e-01
5.162322816643803991e-01 1.385459533607681648e-01
6.721536351165980916e-01 8.244170096021947725e-01
2.491998171010516572e-01 2.693187014174668326e-01
4.298125285779606508e-01 4.860539551897576360e-01
8.253315043438500531e-01 6.931870141746685476e-01
5.029721079103795234e-02 1.920438957475995023e-02
6.529492455418380858e-01 4.394147233653406537e-01
9.094650205761316553e-01 1.650663008687699995e-01
2.043895747599451251e-01 5.720164609053497440e-01
5.500685871056241183e-01 9.076360310928212050e-01
7.384545038866026090e-01 4.586191129401006039e-01
2.821216278006401512e-01 7.969821673525376848e-01
3.470507544581618586e-01 3.118427069044352740e-01
8.879743941472336699e-01 2.761774119798811045e-01
8.687700045724737474e-02 5.029721079103794956e-01
6.259716506630086386e-01 8.436213991769547782e-01
9.643347050754458305e-01 4.060356652949245748e-01
1.495198902606310054e-01 7.736625514403292492e-01
4.741655235482395980e-01 4.618198445358939058e-02
7.663465935070873369e-01 9.725651577503429124e-01
3.113854595336076891e-01 1.138545953360768220e-01
3.936899862825788965e-01 6.117969821673525654e-01
7.878372199359853223e-01 7.796067672610882404e-01
2.560585276634658874e-02 3.040695016003657769e-01
5.811614083219021065e-01 4.494741655235482414e-01
9.474165523548239154e-01 2.880658436213991841e-02
1.312299954275262803e-01 4.170096021947873877e-01
4.883401920438957267e-01 6.790123456790123635e-01
6.872427983539094454e-01 5.807041609510745772e-01
2.354823959762231411e-01 9.240969364426154797e-01
4.389574759945130134e-01 1.508916323731138431e-01
8.280749885688157841e-01 5.532693187014174896e-01
7.087334247828075418e-02 8.774577046181984974e-01
6.566072245084590975e-01 2.368541380887059788e-01
8.934613625971650208e-01 7.096479195244627114e-01
1.934156378600823123e-01 1.092821216278006408e-01
5.208047553726565804e-01 3.424782807498856774e-01
7.201646090534979949e-01 1.865569272976680404e-01
2.592592592592592449e-01 6.447187928669410040e-01
3.607681755829904025e-01 9.423868312757202048e-01
8.660265203475080442e-01 1.998171010516689439e-01
8.367626886145404508e-02 6.415180612711477437e-01
5.967078189300411006e-01 9.263831732967535704e-01
9.785093735711020146e-01 5.404663923182441154e-01
1.641518061271147744e-01 8.646547782350251232e-01
4.535893918609967823e-01 2.487425697302240446e-01
7.521719250114311528e-01 7.160493827160493430e-01
3.214449016918152768e-01 7.818930041152263866e-02
4.032921810699588439e-01 3.657978966620941685e-01
8.111568358481938690e-01 9.954275262917238187e-01
1.005944215820758943e-02 1.275720164609053520e-01
5.756744398719707556e-01 6.278006401463191999e-01
9.268404206675812107e-01 2.898948331047096483e-01
1.472336534064929148e-01 5.121170553269318582e-01
5.016003657978966856e-01 8.376771833561956759e-01
7.027892089620484395e-01 3.886602652034750749e-01
2.322816643804298253e-01 7.517146776406035125e-01
4.119798811156835661e-01 6.767261088248742451e-02
8.404206675811614069e-01 5.624142661179698521e-01
4.023776863283035771e-02 8.939186099679926611e-01
6.387745770461820127e-01 1.732967535436671369e-01
9.222679469593050294e-01 8.093278463648834187e-01
2.149062642889803254e-01 3.278463648834019084e-01
5.308641975308642236e-01 4.691358024691357764e-01
7.096479195244627114e-01 1.051668952903521068e-02
2.940100594421581892e-01 4.316415180612711566e-01
3.447645176040237680e-01 6.780978509373570828e-01
8.545953360768175910e-01 7.590306355738454247e-01
1.005944215820759047e-01 5.349794238683128200e-02
6.063100137174211035e-01 3.804298125285779375e-01
9.967992684042066287e-01 1.426611796982167335e-01
1.764974851394604527e-01 6.040237768632830129e-01
4.650205761316872355e-01 9.785093735711020146e-01
7.549154092363968838e-01 4.823959762231367354e-01
3.077274805669867330e-01 8.189300411522634215e-01
3.754000914494741714e-01 2.620027434842249758e-01
8.020118884316415064e-01 4.343850022862368321e-01
2.103337905807041094e-02 7.009602194787379892e-01
5.555555555555555802e-01 2.194787379972564997e-02
9.510745313214449270e-01 9.094650205761316553e-01
1.133973479652491956e-01 1.632373113854595215e-01
5.089163237311385979e-01 5.683584819387288434e-01
6.698673982624600010e-01 3.182441700960219610e-01
2.565157750342935694e-01 4.682213077274805513e-01
4.234110653863740192e-01 7.992684042066757755e-01
8.221307727480566818e-01 9.739368998628257501e-02
5.395518975765888764e-02 3.571101966163694463e-01
6.438042981252858343e-01 7.283950617283950768e-01
9.071787837219935646e-01 6.593507087334248284e-01
2.007315957933241968e-01 9.533607681755830177e-01
5.546410608139002996e-01 2.181069958847736689e-01
7.325102880658436177e-01 8.550525834476452314e-01
2.784636488340191951e-01 2.304526748971193473e-01
3.507087334247828148e-01 5.203475080018289400e-01
8.770004572473708571e-01 4.444444444444444198e-01
9.556470050297211083e-02 7.846364883401920620e-01
6.218564243255600976e-01 3.063557384545038675e-01
9.716506630086877427e-01 6.895290352080475360e-01
1.572930955647005025e-01 3.475080018289895128e-02
4.805669867398262296e-01 4.110653863740283409e-01
7.754915409236396995e-01 1.577503429355281150e-01
3.127572016460905546e-01 5.903063557384544691e-01
3.895747599451303000e-01 9.167809785093735675e-01
7.837219935985367814e-01 2.414266117969821601e-01
3.200731595793324114e-02 5.509830818472793990e-01
5.880201188843163784e-01 8.875171467764060296e-01
9.391860996799268335e-01 3.369913122999542709e-01
1.248285322359396488e-01 7.069044352994969804e-01
4.929126657521719079e-01 1.065386374028349376e-01
6.867855509830818050e-01 9.483310470964791961e-01
2.405121170553269350e-01 1.893004115226337436e-01
4.325560128029263818e-01 6.529492455418380858e-01
8.312757201646090444e-01 8.509373571101965794e-01
6.630086877000457291e-02 2.720621856424325635e-01
6.607224508459076384e-01 4.988568815729309547e-01
8.911751257430269302e-01 4.343850022862368737e-02
1.870141746684956530e-01 3.959762231367169871e-01
5.294924554183813026e-01 7.668038408779149773e-01
7.178783721993599043e-01 6.053955189757659339e-01
2.674897119341563823e-01 9.670781893004115615e-01
3.635116598079560779e-01 1.202560585276634675e-01
8.719707361682670355e-01 7.965249199817101555e-01
7.407407407407406996e-02 3.090992226794695985e-01
5.962505715592135713e-01 4.572473708276177384e-01
9.798811156835848246e-01 1.783264746227709169e-02
1.705532693187014059e-01 4.375857338820302034e-01
4.453589391860997004e-01 6.941015089163237173e-01
7.425697302240512609e-01 5.747599451303154749e-01
3.301326017375399990e-01 9.080932784636488453e-01
3.959762231367169871e-01 1.668952903520804776e-01
8.102423411065385883e-01 5.285779606767261329e-01
1.828989483310470036e-03 8.637402834933699536e-01
5.770461819844535656e-01 2.277091906721536441e-01
9.323273891175125616e-01 7.338820301783264277e-01
1.380887059899405522e-01 9.053497942386831698e-02
4.974851394604480892e-01 3.502514860539551744e-01
6.918152720621856266e-01 2.158207590306355783e-01
2.267946959304983912e-01 6.570644718792867378e-01
4.179240969364426128e-01 9.565614997713762779e-01
8.513946044810242197e-01 2.706904435299496980e-01
4.755372656607224219e-02 4.883401920438957267e-01
6.337448559670781911e-01 8.239597622313671321e-01
9.172382258802012078e-01 3.749428440786465311e-01
2.194787379972565067e-01 7.544581618655692434e-01
5.413808870598993961e-01 5.166895290352079700e-02
7.059899405578418108e-01 9.871970736168267369e-01
2.876085962505715576e-01 1.362597165066300742e-01
3.392775491540923616e-01 5.971650663008687410e-01
8.568815729309556817e-01 6.433470507544581940e-01
1.097393689986282533e-01 9.455875628715134651e-01
6.122542295381802058e-01 1.856424325560128152e-01
9.945130315500685381e-01 8.797439414723365880e-01
1.774119798811156778e-01 2.377686328303612318e-01
4.577046181984453788e-01 5.523548239597622089e-01
7.581161408321902551e-01 1.069958847736625501e-01
3.017832647462276863e-01 3.433927754915409025e-01
3.795153177869227124e-01 7.082761774119799014e-01
7.956104252400548749e-01 1.111111111111111049e-01
1.371742112482852993e-02 6.099679926840421151e-01
5.660722450845907527e-01 9.716506630086877427e-01
9.583904892546868393e-01 5.052583447645175863e-01
1.175125743026977643e-01 8.454503886602652285e-01
5.139460448102423085e-01 2.784636488340191951e-01
6.767261088248742729e-01 7.768632830361225095e-01
2.514860539551897478e-01 4.755372656607224219e-02
4.270690443529949754e-01 4.042066758116140690e-01
8.148148148148147696e-01 9.245541838134431201e-01
5.807041609510746327e-02 1.495198902606310054e-01
6.497485139460448256e-01 5.829903978052126678e-01
9.012345679012345734e-01 3.017832647462276863e-01
2.071330589849108283e-01 4.499314128943758817e-01
5.454961133973479370e-01 7.777777777777777901e-01
7.320530406950159774e-01 4.160951074531321625e-01
2.738911751257430138e-01 6.826703246456332641e-01
3.552812071330589960e-01 3.246456332876086065e-02
8.834019204389574886e-01 6.401463191586648227e-02
9.053497942386831698e-02 3.936899862825788965e-01
6.177411979881115567e-01 7.430269775948787903e-01
9.684499314128943714e-01 6.245999085505258286e-01
1.559213534522176370e-01 9.963420210333790994e-01
4.718792866941015074e-01 1.339734796524920113e-01
7.700045724737082375e-01 8.349336991312299450e-01
3.182441700960219610e-01 2.944673068129858295e-01
3.845450388660265340e-01 5.098308184727937675e-01
7.805212620027435211e-01 6.680384087791495507e-01
3.612254229538180289e-02 1.828989483310470036e-03
5.898491083676269398e-01 4.238683127572016596e-01
9.423868312757202048e-01 1.828989483310470843e-01
1.335162322816643710e-01 5.637860082304526621e-01
4.828532235939643202e-01 8.893461362597164799e-01
6.817558299039780945e-01 4.769090077732053290e-01
2.446273433927755037e-01 8.139003200731595999e-01
4.430727023319616098e-01 3.328760859625057300e-01
8.358481938728852256e-01 3.667123914037494492e-01
6.218564243255601115e-02 7.206218564243255242e-01
6.657521719250114600e-01 8.550525834476452314e-02
8.998628257887517634e-01 9.309556470050297516e-01
1.915866483767718342e-01 2.057613168724279906e-01
5.253772290809327616e-01 6.337448559670781911e-01
7.279378143575674365e-01 2.565157750342935694e-01
2.647462277091906513e-01 5.372656607224508551e-01
3.671696387745770340e-01 8.737997256515774858e-01
8.751714677640604068e-01 2.336534064929126631e-01
7.956104252400549026e-02 5.189757658893461301e-01
6.026520347508002029e-01 8.541380887059899507e-01
9.835390946502057252e-01 3.543667123914037709e-01
1.682670324645633153e-01 7.297668038408778868e-01
4.508459076360311069e-01 9.510745313214448438e-02
7.462277091906721616e-01 9.529035208047553773e-01
3.278463648834019084e-01 2.217649748513945973e-01
3.991769547325103029e-01 6.607224508459076384e-01
8.061271147690900474e-01 8.203017832647462315e-01
4.115226337448560021e-03 2.615454961133973355e-01
5.701874714220392937e-01 4.828532235939643202e-01
9.364426154549611026e-01 5.715592135345221730e-02
1.403749428440786429e-01 3.790580704160951275e-01
5.034293552812071360e-01 7.608596250571558750e-01
6.959304983996341676e-01 6.026520347508002029e-01
2.254229538180155534e-01 9.753086419753086433e-01
4.092363968907178906e-01 1.399176954732510303e-01
8.454503886602652285e-01 4.650205761316872355e-01
4.481024234110653898e-02 8.010973936899863368e-01
6.332876085962505508e-01 3.196159122085048265e-01
9.181527206218563775e-01 7.023319615912207992e-01
2.135345221764974877e-01 2.377686328303612109e-02
5.372656607224508551e-01 4.325560128029263818e-01
7.151348879743941733e-01 1.627800640146319089e-01
2.898948331047096483e-01 5.715592135345222147e-01
3.360768175582990458e-01 9.117512574302697459e-01
8.600823045267489420e-01 9.693644261545496521e-01
1.047096479195244595e-01 1.216278006401463191e-01
6.163694558756287467e-01 6.067672610882487438e-01
9.890260631001371872e-01 2.729766803840877887e-01
1.842706904435299498e-01 5.006858710562414050e-01
4.645633287608596507e-01 8.495656149977137694e-01
7.645176040237768866e-01 3.978052126200274374e-01
2.994970278920895956e-01 7.690900777320530679e-01
3.708276177411979901e-01 4.115226337448559674e-02
7.924096936442615036e-01 5.884773662551440188e-01
2.011888431641517885e-02 9.144947416552354769e-01
5.605852766346594018e-01 1.572930955647005025e-01
9.593049839963420089e-01 7.828074988568816117e-01
1.229995427526291707e-01 3.081847279378143734e-01
5.144032921810699488e-01 4.467306812985825104e-01
6.712391403749428109e-01 3.657978966620942241e-02
2.473708276177412069e-01 4.074074074074073848e-01
4.279835390946502005e-01 6.872427983539094454e-01
8.239597622313671321e-01 1.920438957475994468e-01
5.304069501600366249e-02 6.511202560585276355e-01
6.511202560585276355e-01 9.465020576131687458e-01
9.108367626886145763e-01 5.491540923639689487e-01
2.039323273891175126e-01 8.847736625514402986e-01
5.477823502514860277e-01 2.386831275720164569e-01
7.375400091449474393e-01 7.050754458161865301e-01
2.834933699131230167e-01 1.033379058070416079e-01
3.484224965706447241e-01 3.356195701874714055e-01
8.847736625514402986e-01 4.293552812071330660e-01
8.916323731138546538e-02 6.748971193415638226e-01
6.291723822588020099e-01 8.230452674897120041e-03
9.657064471879286405e-01 8.966620941929583921e-01
1.508916323731138431e-01 1.751257430269775872e-01
4.764517604023776887e-01 5.614997713763145715e-01
7.686328303612254276e-01 3.255601280292638178e-01
3.095564700502971833e-01 4.723365340649291477e-01
3.932327389117512562e-01 8.074988568815729684e-01
7.887517146776406030e-01 8.047553726566072929e-02
2.652034750800183124e-02 3.630544124371284931e-01
5.820759030635573872e-01 7.192501143118427143e-01
9.497027892089620060e-01 6.392318244170096531e-01
1.294010059442158300e-01 9.291266575217193013e-01
4.860539551897576360e-01 1.975308641975308532e-01
6.904435299497028167e-01 8.655692729766804039e-01
2.377686328303612318e-01 2.501143118427068823e-01
4.375857338820302034e-01 5.427526291723822061e-01
8.285322359396433134e-01 7.494284407864655329e-01
7.270233196159121836e-02 6.858710562414266354e-02
6.570644718792867378e-01 3.872885230909922094e-01
8.966620941929583921e-01 1.289437585733881897e-01
1.961591220850480155e-01 6.264288980338362789e-01
5.217192501143118610e-01 9.917695473251029181e-01
7.229080932784636149e-01 5.112025605852766885e-01
2.629172382258802010e-01 8.363054412437128660e-01
3.589391860996799521e-01 2.889803383630544231e-01
8.669410150891632139e-01 4.901691815272062325e-01
8.321902149062643250e-02 8.157293095564700502e-01
5.985368084133516620e-01 2.656607224508459320e-01
9.753086419753086433e-01 7.636031092821216060e-01
1.627800640146319089e-01 5.761316872427983682e-02
4.554183813443072881e-01 3.721993598536808556e-01
7.508001828989483428e-01 1.467764060356653022e-01
3.241883859167809523e-01 5.948788294467306503e-01
4.055784179240969345e-01 9.826245999085505556e-01
8.134430727023319596e-01 3.136716963877457798e-01
8.687700045724739556e-03 4.618198445358939197e-01
5.720164609053497440e-01 7.933241883859167842e-01
9.277549154092363803e-01 4.412437128486511040e-01
1.458619112940100493e-01 6.963877457704618079e-01
4.997713763145861798e-01 1.371742112482852993e-02
7.005029721079103489e-01 9.035208047553726640e-01
2.309099222679469599e-01 1.696387745770461808e-01
4.133516232281664315e-01 5.779606767261088462e-01
8.422496570644718572e-01 8.568815729309556817e-01
3.703703703703702804e-02 2.258802011888431660e-01
6.401463191586648227e-01 5.235482395976223113e-01
9.231824417009601991e-01 8.687700045724737474e-02
2.167352537722908035e-01 3.493369913122999493e-01
5.340649291266574838e-01 7.366255144032921587e-01
7.082761774119799014e-01 6.639231824417010097e-01
2.958390489254686950e-01 9.588477366255143686e-01
3.438500228623685429e-01 2.135345221764974877e-01
8.536808413351623104e-01 1.531778692272519338e-01
9.876543209876542662e-02 5.875628715134888491e-01
6.081390032007315538e-01 9.190672153635116581e-01
9.977137631458619094e-01 4.563328760859625133e-01
1.746684956561499746e-01 7.878372199359853223e-01
4.677640603566529665e-01 2.962962962962962798e-01
7.540009144947416031e-01 6.854138088705989951e-01
3.045267489711934172e-01 2.743484224965705986e-02
3.781435756744398469e-01 4.138088705989940719e-01
8.006401463191586965e-01 9.391860996799268335e-01
2.423411065386374061e-02 1.947873799725651500e-01
5.578417924096936709e-01 6.474622770919067349e-01
9.533607681755830177e-01 2.464563328760859540e-01
1.138545953360768220e-01 5.450388660265202967e-01
5.084590763603109576e-01 8.843164151806126583e-01
6.675811614083219103e-01 3.397347965249200019e-01
2.551440329218107039e-01 7.133058984910837230e-01
4.206675811614083438e-01 1.010516689529035173e-01
8.193872885230909509e-01 6.149977137631458257e-01
5.669867398262459779e-02 9.666209419295839211e-01
6.456332876085962846e-01 1.165980795610425252e-01
9.080932784636488453e-01 8.422496570644718572e-01
1.989026063100137187e-01 2.834933699131230167e-01
5.514403292181070393e-01 4.951989026063099986e-01
7.357110196616369890e-01 4.023776863283035771e-02
2.775491540923639699e-01 4.019204389574759784e-01
3.529949702789209054e-01 7.713763145861911585e-01
8.792866941015089477e-01 7.274805669867397961e-01
9.693644261545496243e-02 7.590306355738454802e-02
6.236854138088705479e-01 3.616826703246456276e-01
9.743941472336533627e-01 2.039323273891175126e-01
1.586648376771833679e-01 6.332876085962505508e-01
4.787379972565157793e-01 9.355281207133059329e-01
7.764060356652948691e-01 5.313214449016918639e-01
3.141289437585733646e-01 8.696844993141289448e-01
3.886602652034750749e-01 2.542295381801554788e-01
7.846364883401920620e-01 3.827160493827160281e-01
2.880658436213991841e-02 7.480566986739826119e-01
5.857338820301782878e-01 7.178783721993597933e-02
9.419295839048925645e-01 9.876543209876542662e-01
1.234567901234567833e-01 1.248285322359396488e-01
4.919981710105166828e-01 6.172839506172839164e-01
6.854138088705989951e-01 2.844078646547782419e-01
2.391403749428440695e-01 5.176040237768633201e-01
4.352994970278921127e-01 8.303612254229537637e-01
8.349336991312299450e-01 6.401463191586649788e-03
6.721536351165981193e-02 4.202103337905807035e-01
6.588934613625971881e-01 6.735253772290809016e-01
8.916323731138545705e-01 5.560128029263832206e-01
1.879286694101508781e-01 9.003200731595792927e-01
5.290352080475537733e-01 1.778692272519432904e-01
7.169638774577046236e-01 8.047553726566072374e-01
2.693187014174668326e-01 3.237311385459533675e-01
3.653406492912665837e-01 4.810242341106538699e-01
8.683127572016461349e-01 7.046181984453588898e-01
7.773205304069501220e-02 1.047096479195244595e-01
5.948788294467306503e-01 3.333333333333333148e-01
9.826245999085505556e-01 1.915866483767718342e-01
1.719250114311842714e-01 6.520347508001829162e-01
4.481024234110653759e-01 9.497027892089620060e-01
7.407407407407406996e-01 5.482395976223136680e-01
3.310470964791952242e-01 8.861454046639232196e-01
3.964334705075445719e-01 2.405121170553269350e-01
8.084133516232281380e-01 3.964334705075445719e-01
0.000000000000000000e+00 7.654320987654320563e-01
5.788751714677640159e-01 4.389574759945129995e-02
9.327846364883402019e-01 9.702789208962048217e-01
1.362597165066300742e-01 1.229995427526291707e-01
4.961133973479652237e-01 6.085962505715591941e-01
6.950160036579789979e-01 2.748056698673982390e-01
2.299954275262917347e-01 4.993141289437585950e-01
4.183813443072702531e-01 8.477366255144033191e-01
8.477366255144033191e-01 3.383630544124371226e-02
4.801097393689986170e-02 4.096936442615454754e-01
6.364883401920439221e-01 6.899862825788751763e-01
9.144947416552354769e-01 5.912208504801097497e-01
2.217649748513945973e-01 9.154092363968907575e-01
5.390946502057613055e-01 1.591220850480109805e-01
7.073616826703246208e-01 7.841792409693644217e-01
2.857796067672611073e-01 3.049839963420210576e-01
3.374485596707819113e-01 4.481024234110653759e-01
8.577960676726108513e-01 5.139460448102423085e-01
1.083676268861454017e-01 8.390489254686785969e-01
6.104252400548696444e-01 2.912665752171925138e-01
9.940557841792410088e-01 7.503429355281207025e-01
1.787837219935985433e-01 6.630086877000457291e-02
4.595336076817558291e-01 3.904892546867855252e-01
7.594878829446730650e-01 1.312299954275262803e-01
3.040695016003657769e-01 6.291723822588020099e-01
3.804298125285779375e-01 9.931412894375857281e-01
7.978966620941929655e-01 3.273891175125743236e-01
1.508916323731139021e-02 4.705075445816186419e-01
5.637860082304526621e-01 8.088705989940557783e-01
9.561042524005487486e-01 4.284407864654778408e-01
1.184270690443529894e-01 6.762688614540466325e-01
5.107453132144490482e-01 1.097393689986281978e-02
6.748971193415638226e-01 8.952903520804755821e-01
2.546867855509830636e-01 1.760402377686328401e-01
4.238683127572016596e-01 5.596707818930041212e-01
8.175582990397805006e-01 8.678555098308184945e-01
5.944215820759030794e-02 2.473708276177412069e-01
6.470050297210790946e-01 5.390946502057613055e-01
9.048925468678554740e-01 8.093278463648834187e-02
2.094192958390489190e-01 3.644261545496113586e-01
5.468678555098308580e-01 7.174211248285322640e-01
7.283950617283950768e-01 6.383173296753543724e-01
2.752629172382258793e-01 9.272976680384087400e-01
3.539094650205761305e-01 2.002743484224965842e-01
8.811156835848193980e-01 1.609510745313214586e-01
9.282121627800640762e-02 5.692729766803841240e-01
6.195701874714220070e-01 9.131229995427526669e-01
9.679926840420667311e-01 4.668495656149977413e-01
1.536351165980795741e-01 8.006401463191586965e-01
4.709647919524462822e-01 3.177869227251943207e-01
7.722908093278463282e-01 6.995884773662551792e-01
3.196159122085048265e-01 2.149062642889803046e-02
3.827160493827160281e-01 4.357567443987196976e-01
7.786922725194329598e-01 9.506172839506172867e-01
3.475080018289895128e-02 2.203932327389117596e-01
5.921353452217649194e-01 6.611796982167352787e-01
9.455875628715134651e-01 2.327389117512574379e-01
1.353452217649748490e-01 5.212620027434842207e-01
4.823959762231367354e-01 8.527663465935071407e-01
6.794695930498400038e-01 3.552812071330589960e-01
2.427983539094650256e-01 7.315957933241883371e-01
4.403292181069958788e-01 9.647919524462734986e-02
8.390489254686785969e-01 6.012802926383172819e-01
6.401463191586648227e-02 9.771376314586190936e-01
6.648376771833561794e-01 1.422039323273891209e-01
8.989483310470964827e-01 8.216735253772290415e-01
1.893004115226337436e-01 2.597165066300868852e-01
5.230909922267946710e-01 4.846822130772748261e-01
7.247370827617740652e-01 5.532693187014175312e-02
2.633744855967078413e-01 3.822588020118884433e-01
3.676268861454046744e-01 7.576588934613626147e-01
8.724279835390946758e-01 3.840877914951988659e-02
8.093278463648834187e-02 3.996342021033378877e-01
6.040237768632830129e-01 7.722908093278463282e-01
9.867398262459990965e-01 6.159122085048011064e-01
1.655235482395976121e-01 9.647919524462734708e-01
4.494741655235482414e-01 1.152263374485596736e-01
7.457704618198445212e-01 8.399634202103337666e-01
3.269318701417466833e-01 2.807498856881572857e-01
4.014631915866483935e-01 4.942844078646547734e-01
8.029263831732967871e-01 6.835848193872885448e-01
7.773205304069499659e-03 2.606310013717421173e-02
5.711019661636945743e-01 4.151806127114768818e-01
9.373571101966163832e-01 1.545496113397347993e-01
1.417466849565615084e-01 5.848193872885231182e-01
5.020576131687243260e-01 9.208962048468221084e-01
6.973022405121170886e-01 4.526748971193415572e-01
2.222222222222222099e-01 7.896662094192958836e-01
4.074074074074073848e-01 2.994970278920895956e-01
8.463648834019203981e-01 3.401920438957475867e-01
4.115226337448559674e-02 7.155921353452218137e-01
6.310013717421124602e-01 9.922267946959305307e-02
9.190672153635116581e-01 9.405578417924096435e-01
2.117055326931870096e-01 1.934156378600823123e-01
5.358939186099680452e-01 6.497485139460448256e-01
7.137631458619112523e-01 2.450845907636031162e-01
2.889803383630544231e-01 5.464106081390032177e-01
3.333333333333333148e-01 8.820301783264745676e-01
8.623685413808870326e-01 8.024691358024691468e-01
1.060813900320073111e-01 3.219021490626429172e-01
6.154549611339734660e-01 4.787379972565157793e-01
9.913122999542752778e-01 6.858710562414270170e-03
1.815272062185642465e-01 4.224965706447187941e-01
4.618198445358939197e-01 6.716963877457704513e-01
7.622313671696387960e-01 5.578417924096936709e-01
2.967535436671239202e-01 8.984910836762688424e-01
3.740283493369913059e-01 1.806127114769090214e-01
7.933241883859167842e-01 5.322359396433470335e-01
1.646090534979424008e-02 8.710562414266117548e-01
5.610425240054869311e-01 2.533150434385002536e-01
9.611339734796524592e-01 7.247370827617740652e-01
1.207133058984910801e-01 7.407407407407406996e-02
5.171467764060356798e-01 3.584819387288523118e-01
6.739826245999085419e-01 2.043895747599451251e-01
2.505715592135345227e-01 6.310013717421124602e-01
4.311842706904435163e-01 9.341563786008230119e-01
8.262459990855052228e-01 2.853223593964334670e-01
5.075445816186557185e-02 5.148605395518975891e-01
6.515775034293552759e-01 8.285322359396433134e-01
9.126657521719250266e-01 3.859167809785093994e-01
2.016460905349794219e-01 7.462277091906721616e-01
5.496113397347964780e-01 7.087334247828075418e-02
7.393689986282578896e-01 9.899405578417923568e-01
2.807498856881572857e-01 1.234567901234567833e-01
3.465935070873342738e-01 6.200274348422496473e-01
8.861454046639232196e-01 6.630086877000457291e-01
8.779149519890259989e-02 9.615912208504800995e-01
6.278006401463191999e-01 2.098765432098765316e-01
9.634202103337905498e-01 8.577960676726108513e-01
1.486053955189757525e-01 2.231367169638774628e-01
4.746227709190672384e-01 5.249199817101051213e-01
7.672610882487426176e-01 9.007773205304069053e-02
3.100137174211248237e-01 3.470507544581618586e-01
3.918609967992683907e-01 7.384545038866026090e-01
7.860082304526748720e-01 1.454046639231824367e-01
2.743484224965705986e-02 5.953360768175582907e-01
5.839048925468678375e-01 9.807956104252401053e-01
9.483310470964791961e-01 4.915409236396890980e-01
1.275720164609053520e-01 8.171010516689528602e-01
4.869684499314129167e-01 2.661179698216735168e-01
6.890717878372198957e-01 7.640603566529492463e-01
2.359396433470507537e-01 5.898491083676268842e-02
4.362139917695473379e-01 3.731138545953360808e-01
8.308184727937814040e-01 9.016918152720622137e-01
7.224508459076360578e-02 1.723822588020118840e-01
6.552354823959761765e-01 5.765889346136259253e-01
8.943758573388203015e-01 3.145861911294010049e-01
1.957018747142204029e-01 4.622770919067215600e-01
5.194330132601737704e-01 7.910379515317786936e-01
7.215363511659808049e-01 4.430727023319616098e-01
2.615454961133973355e-01 6.991312299954275389e-01
3.598536808413351773e-01 1.554641060813899932e-02
8.651120256058527636e-01 4.192958390489254783e-01
8.596250571559213571e-02 6.808413351623228138e-01
6.003657978966621123e-01 3.063557384545038953e-02
9.766803840877914533e-01 9.222679469593050294e-01
1.609510745313214586e-01 1.490626428898033928e-01
4.545038866026520075e-01 5.825331504343850275e-01
7.494284407864655329e-01 3.004115226337448763e-01
3.223593964334705020e-01 4.513031550068586917e-01
4.060356652949245748e-01 7.814357567443986907e-01
8.129858253315043193e-01 1.106538637402834924e-01
1.188843164151806055e-02 3.452217649748514083e-01
5.743026977594878346e-01 7.114769090077731617e-01
9.291266575217193013e-01 6.419753086419752730e-01
1.449474165523548241e-01 9.442158207590306551e-01
4.988568815729309547e-01 1.883859167809785184e-01
7.018747142203932698e-01 8.779149519890260267e-01
2.336534064929126631e-01 2.350251486053955285e-01
4.142661179698216567e-01 5.546410608139002996e-01
8.417924096936442169e-01 7.754915409236396995e-01
3.932327389117513256e-02 4.846822130772748122e-02
6.406035665294924630e-01 4.051211705532692942e-01
9.245541838134431201e-01 1.124828532235939704e-01
2.153635116598079657e-01 6.104252400548696444e-01
5.322359396433470335e-01 9.743941472336533627e-01
7.105624142661179921e-01 5.034293552812071360e-01
2.930955647005029641e-01 8.472793781435756788e-01
3.420210333790580925e-01 2.775491540923639699e-01
8.527663465935071407e-01 2.578875171467763794e-01
1.015089163237311437e-01 5.354366712391404048e-01
6.053955189757659339e-01 8.728852309099223161e-01
9.995427526291723597e-01 3.689986282578875398e-01
1.737540009144947495e-01 7.215363511659808049e-01
4.673068129858253261e-01 8.276177411979880605e-02
7.558299039780521644e-01 9.323273891175125616e-01
3.063557384545038675e-01 2.094192958390489190e-01
3.763145861911293966e-01 6.351165980795610011e-01
7.992684042066757755e-01 8.321902149062643250e-01
2.286236854138088900e-02 2.949245541838134699e-01
5.587562871513488405e-01 5.075445816186556769e-01
9.519890260631000967e-01 6.172839506172839164e-02
1.111111111111111049e-01 3.918609967992683907e-01
5.070873342478280366e-01 7.434842249657064306e-01
6.689529035208047203e-01 6.223136716963877380e-01
2.578875171467763794e-01 9.977137631458619094e-01
4.215820759030635689e-01 1.316872427983539207e-01
8.212162780064015122e-01 4.737082761774119577e-01
5.532693187014175312e-02 8.125285779606766789e-01
6.428898033836305537e-01 3.305898491083676394e-01
9.053497942386831143e-01 6.671239140374942700e-01
1.979881115683584936e-01 2.743484224965710150e-03
5.528120713305898493e-01 4.256973022405121099e-01
7.343392775491540680e-01 1.842706904435299498e-01
2.757201646090535196e-01 5.665294924554183931e-01
3.520804755372656802e-01 8.925468678555098512e-01
8.779149519890260267e-01 9.858253315043438159e-01
9.785093735711020146e-02 1.376314586191129397e-01
6.245999085505258286e-01 5.980795610425240216e-01
9.734796524919981930e-01 2.679469593049840226e-01
1.600365797896662057e-01 4.878829446730681418e-01
4.773662551440329138e-01 8.262459990855052228e-01
7.745770461819844188e-01 3.781435756744398469e-01
3.159579332418838704e-01 7.558299039780521644e-01
3.868312757201646246e-01 4.983996342021033282e-02
7.828074988568816117e-01 5.738454503886603053e-01
3.109282121627800904e-02 9.053497942386831143e-01
5.848193872885231182e-01 1.673525377229080902e-01
9.396433470507544738e-01 7.942386831275720649e-01
1.271147690900777394e-01 3.104709647919524640e-01
4.906264288980338173e-01 4.599908550525834694e-01
6.835848193872885448e-01 1.691815272062185960e-02
2.423411065386374130e-01 4.362139917695473379e-01
4.343850022862368321e-01 6.922725194330132670e-01
8.335619570187471350e-01 2.176497485139460564e-01
6.858710562414266354e-02 6.552354823959761765e-01
6.616369455875629191e-01 9.579332418838591989e-01
8.888888888888888395e-01 5.276634659350708523e-01
1.856424325560128152e-01 8.609967992684042226e-01
5.267489711934156826e-01 2.263374485596707786e-01
7.187928669410150739e-01 7.329675354366712581e-01
2.711476909007773384e-01 9.373571101966163277e-02
3.625971650663008528e-01 3.511659807956103996e-01
8.696844993141289448e-01 1.271147690900777394e-01
7.544581618655692157e-02 6.195701874714220070e-01
5.925925925925925597e-01 9.908550525834476375e-01
9.807956104252401053e-01 5.162322816643803991e-01
1.696387745770461808e-01 8.271604938271605034e-01
4.467306812985825104e-01 2.876085962505715576e-01
7.439414723365340709e-01 7.448559670781893516e-01
3.324188385916780897e-01 7.270233196159121836e-02
3.982624599908550778e-01 3.840877914951988936e-01
8.065843621399176877e-01 8.980338363054412021e-01
3.657978966620940072e-03 1.792409693644261559e-01
5.779606767261088462e-01 5.592135345221764808e-01
9.300411522633744710e-01 3.228166438042981423e-01
1.390032007315958051e-01 4.773662551440329138e-01
4.938271604938271331e-01 8.056698673982624070e-01
6.931870141746685476e-01 4.211248285322359286e-01
2.277091906721536441e-01 6.730681298582532612e-01
4.160951074531321625e-01 5.029721079103799918e-03
8.495656149977137694e-01 6.305441243712848198e-01
4.618198445358939058e-02 9.373571101966163832e-01
6.360310928212162818e-01 2.016460905349794219e-01
9.158664837677182868e-01 8.683127572016461349e-01
2.185642432556012815e-01 2.514860539551897478e-01
5.418381344307270364e-01 5.336076817558299545e-01
7.041609510745313605e-01 7.727480566986739963e-02
2.839506172839506015e-01 3.598536808413351773e-01
3.406492912665752271e-01 7.265660722450846265e-01
8.596250571559213016e-01 6.973022405121170886e-01
1.074531321444901627e-01 1.326017375400091042e-02
6.099679926840421151e-01 4.417009602194787443e-01
9.917695473251029181e-01 1.700960219478737934e-01
1.796982167352537685e-01 5.793324188385916562e-01
4.581618655692729636e-01 9.048925468678554740e-01
7.604023776863283457e-01 4.645633287608596507e-01
3.008687700045724611e-01 7.924096936442615036e-01
3.818015546410608030e-01 3.159579332418838704e-01
7.942386831275720649e-01 3.465935070873342738e-01
1.234567901234568006e-02 7.402834933699131703e-01
5.674439871970735627e-01 8.779149519890259989e-02
9.556470050297211083e-01 9.611339734796524592e-01
1.152263374485596736e-01 2.117055326931870096e-01
5.121170553269318582e-01 6.662094192958391004e-01
6.785550983081847232e-01 2.235939643347050754e-01
2.528577960676726133e-01 5.253772290809327616e-01
4.252400548696845251e-01 8.596250571559213016e-01
8.161865569272976906e-01 6.035665294924554003e-02
6.127114769090077906e-02 3.703703703703703498e-01
6.479195244627343753e-01 7.613168724279835153e-01
9.030635573845450237e-01 5.935070873342478404e-01
2.057613168724279906e-01 9.803383630544124649e-01
5.432098765432098464e-01 1.440329218106995990e-01
7.306812985825331674e-01 8.175582990397805006e-01
2.716049382716049232e-01 2.638317329675354261e-01
3.575674439871970867e-01 4.933699131229995483e-01
8.829446730681298483e-01 5.441243712848651271e-01
9.419295839048925922e-02 8.806584362139917577e-01
6.209419295839049280e-01 2.437128486511202508e-01
9.707361682670324621e-01 7.119341563786008020e-01
1.522633744855967086e-01 1.019661636945587563e-01
4.691358024691357764e-01 3.383630544124371364e-01
7.718335619570187989e-01 1.970736168267032407e-01
3.177869227251943207e-01 6.460905349794238139e-01
3.859167809785093994e-01 9.419295839048925645e-01
7.800640146319158807e-01 2.816643804298125109e-01
3.337905807041609274e-02 4.970278920896205044e-01
5.893918609967992994e-01 8.417924096936442169e-01
9.446730681298582954e-01 4.014631915866483935e-01
1.316872427983539207e-01 7.695473251028807082e-01
4.846822130772748261e-01 3.703703703703702804e-02
6.812985825331504541e-01 9.638774577046181902e-01
2.464563328760859540e-01 1.179698216735253768e-01
4.417009602194787443e-01 6.131687242798353754e-01
8.376771833561956759e-01 7.869227251943301527e-01
6.538637402834933388e-02 2.976680384087791453e-01
6.630086877000457291e-01 4.549611339734796478e-01
8.975765889346136728e-01 2.514860539551897964e-02
1.929583904892546997e-01 4.119798811156835661e-01
5.244627343392775920e-01 6.858710562414266354e-01
7.265660722450846265e-01 5.866483767718335685e-01
2.670324645633287419e-01 9.176954732510288482e-01
3.694558756287151247e-01 1.554641060813900244e-01
8.747142203932327664e-01 5.656149977137631124e-01
7.864654778235025123e-02 8.902606310013717605e-01
6.012802926383172819e-01 1.815272062185642465e-01
9.858253315043438159e-01 8.116140832190215093e-01
1.668952903520804776e-01 3.296753543667124142e-01
4.517604023776863320e-01 4.746227709190672384e-01
7.485139460448102522e-01 0.000000000000000000e+00
3.251028806584362330e-01 4.275262917238226157e-01
4.023776863283036187e-01 6.703246456332876413e-01
8.042981252857795971e-01 2.080475537265660813e-01
6.401463191586649788e-03 6.369455875628715624e-01
5.683584819387288434e-01 9.332418838591678423e-01
9.346136259716506522e-01 5.377229080932784955e-01
1.431184270690443461e-01 8.756287151348879361e-01
5.057155921353452266e-01 2.556012802926383443e-01
6.986739826245998985e-01 7.229080932784636149e-01
2.245084590763603005e-01 8.459076360310928411e-02
4.110653863740283409e-01 3.680841335162322592e-01
8.440786465477823075e-01 9.990855052583447193e-01
4.298125285779606786e-02 1.353452217649748490e-01
6.300868770004572905e-01 6.227709190672153783e-01
9.204389574759944681e-01 2.930955647005029641e-01
2.107910379515317845e-01 5.066300868770005073e-01
5.381801554641061358e-01 8.326474622770918543e-01
7.128486511202560827e-01 3.927754915409236158e-01
2.908093278463648734e-01 7.411979881115683400e-01
3.356195701874714055e-01 6.447187928669409485e-02
8.632830361225423133e-01 9.236396890717878116e-02
1.033379058070416079e-01 3.534522176497484902e-01
6.136259716506630157e-01 7.361682670324645184e-01
9.876543209876542662e-01 6.556927297668038168e-01
1.828989483310470843e-01 9.556470050297211083e-01
4.631915866483767852e-01 2.144490169181527128e-01
7.636031092821216060e-01 8.619112940100593923e-01
2.981252857796067857e-01 2.295381801554640944e-01
3.717421124828532153e-01 5.304069501600365832e-01
7.905807041609510533e-01 7.540009144947416031e-01
1.828989483310471120e-02 5.258344764517604297e-02
5.628715134887974925e-01 3.758573388203017562e-01
9.620484682213077399e-01 1.390032007315958051e-01
1.197988111568358549e-01 5.999085505258344719e-01
5.166895290352080394e-01 9.839963420210333656e-01
6.726108824874257319e-01 4.855967078189300512e-01
2.482853223593964320e-01 8.253315043438500531e-01
4.293552812071330660e-01 2.697759487882944729e-01
8.244170096021947725e-01 4.389574759945130134e-01
4.983996342021033282e-02 6.936442615454960769e-01
6.538637402834933665e-01 2.011888431641517885e-02
9.103795153177869359e-01 9.071787837219935646e-01
2.048468221307727377e-01 1.655235482395976121e-01
5.505258344764517586e-01 5.729309556470050246e-01
7.389117512574302493e-01 3.122999542752629143e-01
2.816643804298125109e-01 4.590763603109281887e-01
3.475080018289894990e-01 7.978966620941929655e-01
8.875171467764060296e-01 8.445358939186099478e-01
8.733424782807498732e-02 2.766346593507087448e-01
6.264288980338362789e-01 5.020576131687243260e-01
9.652491998171010001e-01 4.526748971193415849e-02
1.499771376314586180e-01 4.064929126657521596e-01
4.737082761774119577e-01 7.741197988111568895e-01
7.658893461362596966e-01 6.127114769090077351e-01
3.118427069044352740e-01 9.730224051211705527e-01
3.941472336534064813e-01 1.143118427069044346e-01
7.873799725651577930e-01 4.490169181527206010e-01
2.469135802469136012e-02 7.800640146319158807e-01
5.807041609510745772e-01 3.031550068587105518e-01
9.469593049839963861e-01 6.794695930498400038e-01
1.307727480566986678e-01 2.926383173296753099e-02
4.887974394147233670e-01 4.179240969364426128e-01
6.877000457247370857e-01 1.513488797439414835e-01
2.345679012345678882e-01 5.802469135802469369e-01
4.394147233653406537e-01 9.231824417009601991e-01
8.276177411979881438e-01 2.363968907178783663e-01
7.041609510745312772e-02 5.537265660722451299e-01
6.556927297668038168e-01 8.765432098765432167e-01
8.939186099679926611e-01 3.415637860082304522e-01
1.943301326017375374e-01 7.091906721536350711e-01
5.203475080018289400e-01 1.088248742569730282e-01
7.206218564243255242e-01 9.428440786465477341e-01
2.601737540009144700e-01 1.874714220393232655e-01
3.616826703246456276e-01 6.451760402377686443e-01
8.664837677183355735e-01 9.259259259259259300e-01
8.459076360310928411e-02 1.993598536808413313e-01
5.976223136716963813e-01 6.406035665294924630e-01
9.789666209419295440e-01 2.491998171010516572e-01
1.636945587562871618e-01 5.409236396890717558e-01
4.531321444901691975e-01 8.651120256058527636e-01
7.517146776406035125e-01 3.648834019204389434e-01
3.219021490626429172e-01 7.169638774577046236e-01
4.037494284407864842e-01 7.910379515317786381e-02
8.106995884773662286e-01 6.273433927754915596e-01
1.051668952903521068e-02 9.945130315500685381e-01
5.747599451303154749e-01 1.280292638317329645e-01
9.259259259259259300e-01 8.367626886145405063e-01
1.467764060356653022e-01 2.894375857338820079e-01
5.011431184270690453e-01 5.125743026977594985e-01
7.023319615912207992e-01 6.721536351165981193e-02
2.327389117512574379e-01 3.891175125743027152e-01
4.124371284865112064e-01 7.526291723822587931e-01
8.395061728395061262e-01 1.737540009144947495e-01
3.978052126200275207e-02 5.628715134887974925e-01
6.383173296753543724e-01 8.930041152263374915e-01
9.227251943301325587e-01 4.695930498399634168e-01
2.144490169181527128e-01 8.097850937357110590e-01
5.317786922725193932e-01 3.287608596250571336e-01
7.101051668952903517e-01 6.776406035665294425e-01
2.944673068129858295e-01 9.602194787379969912e-03
3.443072702331961832e-01 4.311842706904435163e-01
8.555098308184727607e-01 3.799725651577503527e-01
1.001371742112482921e-01 7.594878829446730650e-01
6.072245084590763842e-01 5.395518975765888764e-02
9.958847736625514591e-01 9.780521262002743743e-01
1.760402377686328401e-01 1.431184270690443461e-01
4.659350708733424606e-01 6.044810242341106532e-01
7.544581618655692434e-01 2.629172382258802010e-01
3.081847279378143734e-01 4.814814814814814548e-01
3.749428440786465311e-01 8.198445358939185912e-01
8.010973936899863368e-01 2.240512117055326949e-02
2.057613168724279837e-02 4.334705075445816069e-01
5.560128029263832206e-01 7.018747142203932698e-01
9.515317786922725674e-01 5.688157293095564837e-01
1.129401005944215830e-01 9.103795153177869359e-01
5.093735711019661272e-01 1.641518061271147744e-01
6.703246456332876413e-01 7.988111568358482462e-01
2.574302697759487946e-01 3.187014174668495459e-01
4.229538180155464344e-01 4.686785550983081916e-01
8.225880201188843222e-01 7.293095564700502464e-01
5.349794238683128200e-02 9.830818472793781404e-02
6.442615454961133636e-01 3.575674439871970867e-01
9.076360310928212050e-01 2.190214906264288941e-01
2.002743484224965842e-01 6.584362139917695478e-01
5.541838134430726592e-01 9.542752629172381873e-01
7.329675354366712581e-01 5.198902606310014107e-01
2.793781435756744203e-01 8.555098308184727607e-01
3.497942386831275896e-01 2.313671696387745724e-01
8.765432098765432167e-01 3.058984910836762827e-01
9.510745313214448438e-02 4.453589391860997004e-01
6.213991769547324573e-01 7.855509830818472317e-01
9.711934156378601024e-01 4.106081390032007561e-01
1.563786008230452773e-01 6.890717878372198957e-01
4.801097393689986448e-01 3.520804755372655692e-02
7.750342935528120591e-01 9.163237311385459272e-01
3.132144490169181394e-01 1.582075903063557276e-01
3.900320073159579404e-01 5.898491083676269398e-01
7.832647462277091410e-01 8.879743941472336699e-01
3.246456332876086065e-02 2.418838591678097727e-01
5.875628715134888491e-01 5.500685871056241183e-01
9.382716049382715529e-01 1.060813900320073111e-01
1.257430269775948739e-01 3.365340649291266306e-01
4.924554183813443231e-01 7.064471879286694511e-01
6.863283036122542757e-01 6.534064929126657262e-01
2.400548696844993224e-01 9.487882944673068364e-01
4.330132601737540221e-01 1.897576588934613562e-01
8.321902149062643250e-01 4.983996342021033144e-01
6.675811614083218548e-02 8.513946044810242197e-01
6.598079561042523578e-01 2.725194330132601483e-01
8.902606310013717605e-01 7.672610882487426176e-01
1.874714220393232655e-01 4.298125285779606786e-02
5.304069501600365832e-01 3.950617283950617065e-01
7.174211248285322640e-01 1.197988111568358549e-01
2.679469593049840226e-01 6.058527663465934632e-01
3.639689071787837182e-01 9.675354366712390908e-01
8.710562414266117548e-01 4.577046181984453788e-01
7.498856881572930899e-02 7.960676726108825152e-01
5.953360768175582907e-01 3.086419753086419582e-01
9.803383630544124649e-01 6.945587562871513576e-01
1.710105166895290463e-01 1.874714220393233072e-02
4.444444444444444198e-01 4.385002286236854285e-01
7.430269775948787903e-01 1.659807956104252524e-01
3.292181069958847739e-01 5.756744398719707556e-01
3.950617283950617065e-01 9.090077732053040149e-01
8.097850937357110590e-01 2.286236854138088692e-01
2.286236854138090201e-03 5.281207133058984926e-01
5.761316872427983959e-01 8.632830361225423133e-01
9.314128943758573920e-01 3.497942386831275896e-01
1.371742112482853271e-01 7.343392775491540680e-01
4.965706447187928640e-01 9.144947416552354214e-02
6.922725194330132670e-01 9.561042524005487486e-01
2.272519433013260037e-01 2.162780064014631909e-01
4.170096021947873877e-01 6.575217192501142671e-01
8.509373571101965794e-01 8.235025148605396028e-01
4.709647919524462961e-02 2.711476909007773384e-01
6.346593507087334718e-01 4.892546867855510073e-01
9.167809785093735675e-01 5.075445816186557185e-02
2.199359853680841470e-01 3.754000914494741714e-01
5.409236396890717558e-01 7.549154092363968838e-01
7.050754458161865301e-01 5.967078189300411006e-01
2.871513488797439173e-01 9.862825788751714562e-01
3.397347965249200019e-01 1.358024691358024616e-01
8.564243255601280413e-01 1.851851851851851749e-01
1.106538637402834924e-01 6.442615454961133636e-01
6.127114769090077351e-01 9.460448102423411054e-01
9.949702789208961784e-01 5.518975765889345686e-01
1.769547325102880653e-01 8.792866941015089477e-01
4.572473708276177384e-01 2.373113854595336192e-01
7.576588934613626147e-01 7.078189300411522611e-01
3.022405121170553266e-01 1.079103795153177892e-01
3.786008230452674872e-01 3.429355281207133177e-01
7.965249199817101555e-01 9.721079103795152720e-01
1.417466849565614945e-02 1.115683584819387314e-01
5.656149977137631124e-01 6.090534979423868345e-01
9.579332418838591989e-01 2.789208962048468354e-01
1.170553269318701378e-01 5.057155921353452266e-01
5.130315500685871388e-01 8.459076360310928688e-01
6.762688614540466325e-01 4.037494284407864842e-01
2.519433013260173881e-01 7.764060356652948691e-01
4.266117969821673350e-01 4.709647919524462961e-02
8.157293095564700502e-01 5.834476451760401972e-01
5.852766346593506891e-02 9.250114311842706494e-01
6.492912665752171852e-01 1.504343850022862306e-01
9.016918152720622137e-01 7.786922725194329598e-01
2.080475537265660813e-01 3.026977594878829669e-01
5.450388660265202967e-01 4.508459076360311069e-01
7.311385459533608078e-01 3.155006858710562162e-02
2.729766803840877887e-01 4.156378600823045222e-01
3.561957018747142212e-01 6.822130772748056238e-01
8.838591678097851290e-01 7.425697302240512609e-01
9.144947416552354214e-02 6.310013717421124324e-02
6.172839506172839164e-01 3.946044810242341216e-01
9.689071787837220118e-01 1.335162322816643710e-01
1.550068587105624118e-01 6.241426611796981883e-01
4.727937814357567325e-01 9.958847736625514591e-01
7.695473251028807082e-01 5.093735711019661272e-01
3.191586648376771862e-01 8.340192043895747753e-01
3.840877914951988936e-01 2.940100594421581892e-01
7.814357567443986907e-01 4.243255601280292444e-01
3.566529492455418338e-02 6.689529035208047203e-01
5.907636031092821094e-01 2.286236854138090201e-03
9.433013260173753745e-01 8.898033836305441202e-01
1.330589849108367584e-01 1.824417009602194717e-01
4.833104709647919606e-01 5.647005029721079428e-01
6.822130772748056238e-01 3.319615912208505049e-01
2.441700960219478633e-01 4.759945130315500483e-01
4.435299497027891946e-01 8.143575674439872403e-01
8.363054412437128660e-01 8.504801097393689668e-02
6.264288980338363066e-02 3.662551440329218089e-01
6.662094192958391004e-01 7.210791037951531646e-01
9.003200731595792927e-01 6.346593507087334718e-01
1.906721536351166091e-01 9.304983996342021113e-01
5.262917238225880423e-01 2.062185642432556032e-01
7.274805669867397961e-01 8.747142203932327664e-01
2.656607224508459320e-01 2.574302697759487946e-01
3.667123914037494492e-01 5.368084133516232148e-01
8.760859625057155764e-01 8.532235939643346700e-01
8.047553726566072929e-02 2.331961591220850505e-01
6.021947873799725626e-01 5.194330132601737704e-01
9.844535893918610059e-01 9.465020576131687180e-02
1.678097850937357027e-01 3.548239597622313557e-01
4.503886602652034665e-01 7.302240512117055271e-01
7.471422039323274422e-01 6.598079561042523578e-01
3.283036122542295487e-01 9.524462734339277370e-01
3.996342021033378877e-01 2.213077274805669847e-01
8.052126200274348777e-01 4.837677183356195454e-01
4.572473708276180403e-03 8.212162780064015122e-01
5.697302240512116533e-01 2.606310013717421104e-01
9.355281207133059329e-01 7.604023776863283457e-01
1.408321902149062554e-01 5.624142661179699215e-02
5.043438500228624166e-01 3.795153177869227124e-01
6.963877457704618079e-01 1.403749428440786429e-01
2.258802011888431660e-01 6.021947873799725626e-01
4.087791495198902503e-01 9.762231367169639240e-01
8.459076360310928688e-01 3.200731595793324114e-01
4.435299497027891946e-02 4.659350708733424606e-01
6.328303612254229105e-01 8.015546410608138661e-01
9.186099679926840178e-01 4.330132601737540221e-01
2.130772748056698751e-01 7.027892089620484395e-01
5.363511659807955745e-01 2.423411065386374061e-02
7.155921353452218137e-01 9.108367626886145763e-01
2.894375857338820079e-01 1.623228166438042963e-01
3.365340649291266306e-01 5.706447187928669340e-01
8.609967992684042226e-01 6.063100137174211035e-01
1.051668952903520859e-01 9.689071787837220118e-01
6.168267032464563870e-01 1.207133058984910801e-01
9.899405578417923568e-01 8.491083676268861291e-01
1.847279378143575623e-01 2.734339277549154290e-01
4.636488340192043700e-01 5.011431184270690453e-01
7.649748513946045270e-01 4.160951074531322319e-02
2.990397805212620108e-01 3.982624599908550778e-01
3.703703703703703498e-01 7.686328303612254276e-01
7.914951989026063339e-01 1.563786008230452773e-01
1.966163694558755934e-02 5.893918609967992994e-01
5.601280292638317615e-01 9.140374942844078365e-01
9.597622313671696492e-01 4.458161865569272853e-01
1.220850480109739317e-01 7.818930041152263311e-01
5.153177869227252295e-01 3.077274805669867330e-01
6.716963877457704513e-01 6.881572930955647260e-01
2.478280749885688194e-01 3.612254229538180289e-02
4.284407864654778408e-01 4.078646547782350251e-01
8.230452674897119625e-01 9.469593049839963861e-01
5.212620027434842346e-02 1.925011431184270594e-01
6.502057613168724659e-01 6.506630086876999952e-01
9.112940100594421056e-01 2.395976223136717098e-01
2.034750800182899000e-01 5.496113397347964780e-01
5.473251028806583873e-01 8.852309099222679389e-01
7.370827617741197990e-01 3.351623228166438206e-01
2.825788751714677915e-01 7.055326931870141705e-01
3.488797439414723089e-01 1.028806584362139953e-01
8.852309099222679389e-01 8.687700045724739556e-03
8.962048468221307795e-02 4.298125285779606508e-01
6.282578875171467292e-01 6.753543667123913519e-01
9.661636945587562808e-01 5.610425240054869311e-01
1.513488797439414835e-01 8.957475994513031115e-01
4.759945130315500483e-01 1.742112482853223621e-01
7.690900777320530679e-01 8.065843621399176877e-01
3.090992226794695985e-01 3.251028806584362330e-01
3.927754915409236158e-01 4.727937814357567325e-01
7.896662094192958836e-01 7.197073616826703546e-01
2.606310013717421173e-02 8.001828989483310284e-02
5.825331504343850275e-01 3.621399176954732679e-01
9.501600365797896464e-01 1.979881115683584936e-01
1.298582533150434426e-01 6.401463191586648227e-01
4.855967078189300512e-01 9.295839048925468306e-01
6.909007773205304570e-01 5.422953818015546767e-01
2.382258802011888443e-01 8.660265203475080442e-01
4.380429812528577882e-01 2.505715592135345227e-01
8.289894833104709537e-01 3.868312757201646246e-01
7.315957933241884481e-02 7.498856881572930622e-01
6.579789666209419075e-01 6.950160036579790257e-02
8.957475994513031115e-01 9.922267946959304474e-01
1.966163694558756281e-01 1.294010059442158300e-01
5.221764974851395014e-01 6.259716506630086386e-01
7.233653406492912552e-01 2.880658436213991980e-01
2.620027434842249758e-01 5.107453132144490482e-01
3.584819387288523118e-01 8.358481938728852256e-01
8.673982624599908542e-01 2.652034750800182916e-01
8.230452674897119347e-02 4.897119341563785921e-01
5.980795610425240216e-01 8.148148148148147696e-01
9.762231367169639240e-01 3.726566072245084404e-01
1.618655692729766837e-01 7.626886145404664363e-01
4.563328760859625133e-01 5.852766346593506891e-02
7.512574302697759832e-01 9.821673525377229153e-01
3.246456332876085926e-01 1.476909007773205273e-01
4.051211705532692942e-01 5.939643347050754807e-01
8.139003200731595999e-01 7.928669410150891439e-01
9.144947416552360805e-03 3.127572016460905546e-01
5.724737082761773843e-01 4.609053497942386945e-01
9.282121627800640207e-01 1.417466849565614945e-02
1.454046639231824367e-01 4.407864654778235192e-01
5.002286236854137647e-01 6.959304983996341676e-01
6.995884773662551792e-01 5.775034293552812059e-01
2.313671696387745724e-01 9.026063100137173834e-01
4.138088705989940719e-01 1.687242798353909556e-01
8.431641518061271379e-01 5.226337448559670307e-01
3.749428440786464756e-02 8.564243255601280413e-01
6.396890717878371824e-01 2.254229538180155534e-01
9.236396890717878394e-01 7.375400091449474393e-01
2.176497485139460564e-01 8.641975308641974829e-02
5.345221764974851242e-01 3.488797439414723089e-01
7.078189300411522611e-01 2.130772748056698751e-01
2.949245541838134699e-01 6.643804298125285390e-01
3.433927754915409025e-01 9.593049839963420089e-01
8.541380887059899507e-01 9.199817101051669388e-01
9.922267946959305307e-02 1.522633744855967086e-01
6.085962505715591941e-01 5.880201188843163784e-01
9.981710105166895497e-01 2.972107910379515050e-01
1.742112482853223621e-01 4.554183813443072881e-01
4.682213077274805513e-01 7.882944673068129626e-01
7.530864197530864335e-01 4.128943758573388467e-01
3.054412437128486424e-01 6.844993141289437144e-01
3.772290809327846217e-01 2.834933699131229889e-02
8.001828989483310561e-01 6.479195244627343753e-01
2.331961591220850852e-02 9.387288523090991932e-01
5.569272976680383902e-01 1.952446273433927626e-01
9.542752629172381873e-01 8.834019204389574886e-01
1.147690900777320472e-01 2.455418381344307288e-01
5.080018289894833172e-01 5.454961133973479370e-01
6.671239140374942700e-01 1.001371742112482921e-01
2.560585276634659291e-01 3.388203017832647213e-01
4.197530864197530631e-01 7.137631458619112523e-01
8.198445358939185912e-01 1.175125743026977643e-01
5.715592135345221730e-02 6.145404663923182964e-01
6.451760402377686443e-01 9.661636945587562808e-01
9.090077732053040149e-01 4.961133973479652237e-01
1.998171010516689439e-01 8.431641518061271379e-01
5.518975765889345686e-01 2.825788751714677915e-01
7.352537722908093487e-01 7.718335619570187989e-01
2.770919067215363296e-01 4.069501600365797722e-02
3.534522176497484902e-01 4.028349336991312035e-01
8.797439414723365880e-01 3.607681755829904025e-01
9.647919524462734986e-02 7.279378143575674365e-01
6.227709190672153783e-01 7.544581618655692157e-02
9.739368998628258334e-01 9.364426154549611026e-01
1.577503429355281150e-01 2.034750800182899000e-01
4.791952446273434196e-01 6.328303612254229105e-01
7.768632830361225095e-01 2.537722908093278384e-01
3.145861911294010049e-01 5.317786922725193932e-01
3.882030178326474346e-01 8.705989940557842255e-01
7.855509830818472317e-01 7.224508459076360578e-02
2.926383173296753099e-02 3.836305441243713088e-01
5.861911294010059281e-01 7.485139460448102522e-01
9.414723365340649242e-01 6.181984453589391970e-01
1.243712848651120223e-01 9.881115683584819065e-01
4.910836762688614576e-01 1.252857796067672613e-01
6.849565614997713547e-01 8.308184727937814040e-01
2.395976223136717098e-01 2.839506172839506015e-01
4.357567443987196976e-01 5.180612711476908494e-01
8.340192043895747753e-01 6.744398719707361822e-01
6.812985825331503709e-02 5.944215820759030273e-03
6.593507087334248284e-01 4.206675811614083438e-01
8.925468678555098512e-01 1.774119798811156778e-01
1.883859167809785184e-01 5.555555555555555802e-01
5.281207133058984926e-01 9.007773205304069331e-01
7.160493827160493430e-01 4.805669867398262296e-01
2.697759487882944729e-01 8.042981252857795971e-01
3.648834019204389434e-01 3.246456332876085926e-01
8.692272519433013045e-01 3.337905807041609552e-01
7.727480566986739963e-02 7.041609510745313605e-01
5.939643347050754807e-01 1.051668952903520859e-01
9.821673525377229153e-01 9.492455418381344767e-01
1.723822588020118840e-01 1.911294010059442217e-01
4.471879286694101507e-01 6.515775034293552759e-01
7.416552354823959803e-01 2.409693644261545475e-01
3.315043438500228645e-01 5.473251028806583873e-01
3.968907178783722123e-01 8.866026520347507489e-01
8.079561042524004977e-01 4.435299497027891946e-02
9.144947416552400054e-04 3.968907178783722123e-01
5.797896662094192965e-01 7.663465935070873369e-01
9.336991312299954826e-01 6.081390032007315538e-01
1.367169638774577145e-01 9.698216735253771814e-01
4.956561499771376389e-01 1.220850480109739317e-01
6.945587562871513576e-01 8.481938728852309595e-01
2.290809327846364818e-01 2.743484224965706542e-01
4.192958390489254783e-01 5.002286236854137647e-01
8.481938728852309595e-01 6.904435299497028167e-01
4.846822130772748122e-02 3.337905807041609274e-02
6.374028349336990917e-01 4.087791495198902503e-01
9.140374942844078365e-01 1.595793324188385931e-01
2.208504801097393722e-01 5.921353452217649194e-01
5.400091449474165861e-01 9.158664837677182868e-01
7.064471879286694511e-01 4.471879286694101507e-01
2.853223593964334670e-01 7.837219935985367814e-01
3.383630544124371364e-01 3.045267489711934172e-01
8.582533150434384916e-01 2.908093278463648734e-01
1.092821216278006408e-01 5.130315500685871388e-01
6.108824874256972848e-01 8.381344307270233163e-01
9.931412894375857281e-01 3.895747599451303000e-01
1.792409693644261559e-01 7.508001828989483428e-01
4.599908550525834694e-01 6.584362139917696033e-02
7.590306355738454247e-01 9.940557841792410088e-01
3.036122542295381921e-01 1.303155006858710552e-01
3.799725651577503527e-01 6.287151348879743695e-01
7.969821673525376848e-01 8.084133516232281380e-01
1.600365797896662057e-02 3.269318701417466833e-01
5.647005029721079428e-01 4.709647919524462822e-01
9.565614997713762779e-01 1.143118427069043930e-02
1.188843164151806159e-01 4.288980338363054257e-01
5.102880658436214079e-01 6.767261088248742729e-01
6.758116140832189922e-01 5.601280292638317615e-01
2.537722908093278384e-01 8.943758573388203015e-01
4.247828074988568847e-01 1.764974851394604527e-01
8.180155464106081409e-01 5.395518975765889458e-01
5.989940557841792745e-02 8.673982624599908542e-01
6.465477823502514543e-01 2.469135802469135665e-01
9.044352994970279447e-01 7.178783721993599043e-01
2.089620484682213064e-01 8.184727937814358090e-02
5.464106081390032177e-01 3.635116598079560779e-01
7.293095564700502464e-01 2.011888431641518094e-01
2.748056698673982390e-01 6.378600823045267321e-01
3.548239597622313557e-01 9.282121627800640207e-01
8.806584362139917577e-01 9.126657521719250266e-01
9.236396890717878116e-02 1.604938271604938183e-01
6.186556927297668373e-01 5.701874714220392937e-01
9.670781893004115615e-01 3.173296753543667359e-01
1.540923639689071867e-01 4.673068129858253261e-01
4.714220393232738671e-01 7.997256515775034158e-01
7.727480566986739685e-01 4.348422496570644724e-01
3.205304069501600517e-01 7.000457247370827085e-01
3.836305441243713088e-01 2.103337905807041094e-02
7.782350251486054304e-01 6.616369455875629191e-01
3.520804755372655692e-02 9.510745313214449270e-01
5.916780978509373901e-01 2.199359853680841470e-01
9.460448102423411054e-01 8.523090992226795004e-01
1.344307270233196239e-01 2.322816643804298253e-01
4.819387288523090951e-01 5.217192501143118610e-01
6.790123456790123635e-01 9.602194787379972341e-02
2.437128486511202508e-01 3.557384545038865808e-01
4.407864654778235192e-01 7.311385459533608078e-01
8.381344307270233163e-01 1.412894375857338958e-01
6.355738454503886969e-02 6.008230452674897526e-01
6.639231824417010097e-01 9.775948788294467340e-01
8.994055784179241231e-01 4.851394604481024109e-01
1.902149062642889688e-01 8.221307727480566818e-01
5.235482395976223113e-01 2.592592592592592449e-01
7.242798353909465359e-01 7.572016460905349744e-01
2.638317329675354261e-01 5.486968449931412667e-02
3.680841335162322592e-01 3.818015546410608030e-01
8.733424782807498454e-01 7.732053040695016088e-01
8.139003200731595444e-02 3.932327389117513256e-02
6.035665294924553725e-01 4.000914494741655281e-01
9.871970736168267369e-01 1.156835848193872862e-01
1.650663008687699995e-01 6.168267032464563870e-01
4.490169181527206010e-01 9.652491998171010001e-01
7.448559670781893516e-01 4.947416552354824137e-01
3.273891175125743236e-01 8.395061728395061262e-01
4.010059442158207532e-01 2.802926383173297009e-01
8.024691358024691468e-01 4.142661179698216567e-01
7.315957933241880144e-03 6.840420667581161851e-01
5.715592135345222147e-01 2.697759487882945076e-02
9.368998628257887429e-01 9.213534522176497488e-01
1.412894375857338958e-01 1.540923639689071867e-01
5.029721079103794956e-01 5.852766346593507585e-01
6.977594878829446179e-01 2.990397805212620108e-01
2.231367169638774628e-01 4.531321444901691975e-01
4.083219021490626655e-01 7.887517146776406030e-01
8.468221307727480385e-01 9.876543209876542662e-02
4.160951074531322319e-02 3.406492912665752271e-01
6.319158664837677408e-01 7.146776406035665330e-01
9.199817101051669388e-01 6.488340192043895449e-01
2.121627800640146222e-01 9.396433470507544738e-01
5.354366712391404048e-01 1.943301326017375374e-01
7.142203932327388927e-01 8.829446730681298483e-01
2.880658436213991980e-01 2.446273433927755037e-01
3.337905807041609552e-01 5.459533607681755774e-01
8.619112940100593923e-01 4.796524919981710045e-01
1.065386374028349376e-01 8.029263831732967871e-01
6.145404663923182964e-01 3.214449016918152768e-01
9.903978052126199971e-01 6.707818930041152816e-01
1.810699588477366340e-01 7.315957933241880144e-03
4.613625971650662794e-01 4.229538180155464344e-01
7.613168724279835153e-01 1.796982167352537685e-01
2.972107910379515050e-01 5.569272976680383902e-01
3.731138545953360808e-01 8.989483310470964827e-01
7.928669410150891439e-01 2.524005486968449730e-01
1.691815272062185960e-02 5.331504343850023142e-01
5.614997713763145715e-01 8.719707361682670355e-01
9.606767261088248189e-01 3.580246913580246715e-01
1.216278006401463191e-01 7.242798353909465359e-01
5.180612711476908494e-01 7.453132144490169642e-02
6.735253772290809016e-01 9.350708733424782926e-01
2.501143118427068823e-01 2.048468221307727377e-01
4.316415180612711566e-01 6.314586191129401005e-01
8.267032464563328631e-01 8.294467306812985941e-01
5.166895290352079700e-02 2.862368541380886922e-01
6.524919981710105565e-01 5.144032921810699488e-01
9.131229995427526669e-01 7.041609510745312772e-02
2.021033379058070345e-01 3.863740283493369843e-01
5.486968449931413083e-01 7.471422039323274422e-01
7.398262459990855300e-01 6.209419295839049280e-01
2.798353909465020606e-01 9.890260631001371872e-01
3.461362597165066335e-01 1.243712848651120223e-01
8.870598994055783892e-01 2.103337905807041719e-01
8.824874256973022635e-02 6.625514403292180887e-01
6.273433927754915596e-01 9.625057155921353802e-01
9.629629629629629095e-01 5.240054869684499517e-01
1.490626428898033928e-01 8.582533150434384916e-01
4.755372656607224635e-01 2.222222222222222099e-01
7.668038408779149773e-01 7.379972565157750797e-01
3.104709647919524640e-01 8.962048468221307795e-02
3.909465020576131655e-01 3.479652491998170838e-01
7.864654778235025123e-01 9.812528577960676346e-01
2.789208962048467938e-02 1.463191586648376896e-01
5.829903978052126678e-01 5.962505715592135713e-01
9.487882944673068364e-01 2.665752171925011571e-01
1.284865112025605771e-01 4.910836762688614576e-01
4.874256973022405015e-01 8.161865569272976906e-01
6.886145404663923664e-01 3.740283493369913059e-01
2.368541380887059788e-01 7.645176040237768866e-01
4.371284865112025630e-01 5.989940557841792745e-02
8.299039780521262344e-01 5.761316872427983959e-01
7.178783721993597933e-02 9.021490626428898540e-01
6.547782350251486472e-01 1.719250114311842714e-01
8.952903520804755821e-01 7.905807041609510533e-01
1.947873799725651500e-01 3.141289437585733646e-01
5.185185185185184897e-01 4.627343392775491449e-01
7.219935985368084452e-01 1.600365797896662057e-02
2.606310013717421104e-01 4.439871970736168350e-01
3.593964334705075370e-01 6.986739826245998985e-01
8.646547782350251232e-01 3.017832647462277001e-02
8.504801097393689668e-02 4.188385916780978380e-01
5.994513031550068316e-01 6.803840877914951735e-01
9.771376314586190936e-01 5.816186556927297469e-01
1.604938271604938183e-01 9.218106995884773891e-01
4.549611339734796478e-01 1.486053955189757525e-01
7.498856881572930622e-01 7.809785093735710504e-01
3.228166438042981423e-01 3.008687700045724611e-01
4.064929126657521596e-01 4.522176497485139723e-01
8.120713305898491496e-01 7.105624142661179921e-01
1.097393689986281978e-02 1.097393689986282533e-01
5.738454503886603053e-01 3.443072702331961832e-01
9.295839048925468306e-01 1.888431641518061310e-01
1.440329218106995990e-01 6.428898033836305537e-01
4.983996342021033144e-01 9.437585733882030148e-01
7.014174668495656295e-01 5.541838134430726592e-01
2.341106538637402756e-01 8.783721993598536670e-01
4.147233653406492970e-01 2.354823959762231411e-01
8.413351623228166876e-01 4.055784179240969345e-01
3.886602652034751304e-02 7.759487882944673398e-01
6.410608139003201034e-01 4.892546867855510073e-02
9.254686785550982897e-01 9.739368998628258334e-01
2.162780064014631909e-01 1.133973479652491956e-01
5.331504343850023142e-01 6.113397347965249251e-01
7.114769090077731617e-01 2.770919067215363296e-01
2.926383173296753792e-01 5.043438500228624166e-01
3.424782807498856774e-01 8.468221307727480385e-01
8.523090992226795004e-01 8.733424782807498454e-01
1.024234110653863689e-01 2.588020118884316600e-01
6.058527663465934632e-01 5.349794238683127645e-01
9.990855052583447193e-01 8.321902149062643250e-02
1.732967535436671369e-01 3.699131229995427650e-01
4.663923182441701010e-01 7.219935985368084452e-01
7.562871513488796937e-01 6.355738454503886414e-01
3.068129858253315079e-01 9.318701417466849213e-01
3.758573388203017562e-01 2.085048010973936938e-01
7.988111568358482462e-01 5.080018289894833172e-01
2.194787379972564997e-02 8.317329675354366847e-01
5.592135345221764808e-01 2.958390489254686950e-01
9.529035208047553773e-01 7.439414723365340709e-01
1.115683584819387314e-01 6.264288980338363066e-02
5.066300868770005073e-01 3.909465020576131655e-01
6.684956561499771910e-01 1.321444901691815332e-01
2.583447645176040197e-01 6.218564243255600976e-01
4.211248285322359286e-01 9.972565157750342690e-01
8.207590306355738718e-01 3.310470964791952242e-01
5.486968449931412667e-02 4.732510288065843729e-01
6.424325560128029133e-01 8.129858253315043193e-01
9.062642889803383950e-01 4.261545496113397502e-01
1.984453589391861061e-01 6.675811614083219103e-01
5.532693187014174896e-01 3.657978966620940072e-03
7.347965249199817084e-01 8.916323731138545705e-01
2.766346593507087448e-01 1.847279378143575623e-01
3.516232281664380399e-01 5.669867398262460334e-01
8.788294467306813074e-01 5.985368084133516620e-01
9.739368998628257501e-02 9.849108367626886462e-01
6.250571559213534689e-01 1.380887059899405522e-01
9.730224051211705527e-01 8.267032464563328631e-01
1.595793324188385931e-01 2.684042066758116074e-01
4.778235025148605541e-01 4.874256973022405015e-01
7.736625514403292492e-01 4.938271604938271331e-02
3.155006858710562301e-01 3.772290809327846217e-01
3.877457704618198497e-01 7.567443987197073341e-01
7.823502514860539714e-01 1.682670324645633153e-01
3.017832647462277001e-02 5.743026977594878346e-01
5.843621399176954778e-01 9.058070416095107547e-01
9.401005944215821142e-01 4.595336076817558291e-01
1.266575217192501268e-01 7.951531778692272345e-01
4.897119341563785921e-01 3.109282121627800488e-01
6.840420667581161851e-01 6.918152720621856266e-01
2.414266117969821601e-01 1.646090534979424008e-02
4.339277549154092473e-01 4.366712391403749227e-01
8.326474622770918543e-01 9.574759945130315586e-01
6.950160036579790257e-02 2.171925011431184160e-01
6.611796982167352787e-01 6.547782350251486472e-01
8.893461362597164799e-01 2.267946959304983912e-01
1.860996799268404278e-01 5.267489711934156826e-01
5.272062185642432119e-01 8.600823045267489420e-01
7.192501143118427143e-01 3.516232281664380399e-01
2.706904435299496980e-01 7.334247828074988984e-01
3.621399176954732679e-01 9.419295839048925922e-02
8.701417466849565852e-01 9.913122999542752778e-01
7.636031092821216060e-02 1.262002743484224865e-01
5.935070873342478404e-01 6.186556927297668373e-01
9.812528577960676346e-01 2.871513488797439173e-01
1.691815272062185682e-01 5.157750342935527588e-01
4.462734339277549256e-01 8.280749885688157841e-01
7.443987197073617113e-01 3.850022862368541188e-01
3.328760859625057300e-01 7.457704618198445212e-01
3.987197073616826626e-01 7.361682670324645739e-02
8.070416095107453280e-01 5.587562871513488405e-01
2.743484224965710150e-03 8.971193415637860324e-01
5.775034293552812059e-01 1.783264746227709308e-01
9.304983996342021113e-01 8.061271147690900474e-01
1.385459533607681648e-01 3.223593964334705020e-01
4.942844078646547734e-01 4.778235025148605541e-01
6.927297668038409073e-01 4.572473708276180403e-03
2.281664380429812566e-01 4.215820759030635689e-01
4.156378600823045222e-01 6.726108824874257319e-01
8.500228623685414098e-01 2.025605852766346471e-01
4.526748971193415849e-02 6.296296296296296502e-01
6.351165980795610011e-01 9.378143575674440235e-01
9.154092363968907575e-01 5.340649291266574838e-01
2.190214906264288941e-01 8.692272519433013045e-01
5.422953818015546767e-01 2.519433013260173881e-01
7.037037037037037202e-01 7.256515775034293458e-01
2.844078646547782419e-01 7.773205304069501220e-02
3.411065386374028119e-01 3.593964334705075370e-01
8.587105624142661320e-01 4.421582075903063291e-01
1.069958847736625501e-01 6.977594878829446179e-01
6.090534979423868345e-01 1.280292638317329958e-02
9.922267946959304474e-01 9.039780521262003044e-01
1.806127114769090214e-01 1.705532693187014059e-01
4.586191129401006039e-01 5.788751714677640159e-01
7.608596250571558750e-01 3.164151806127114552e-01
3.013260173754001015e-01 4.636488340192043700e-01
3.813443072702332182e-01 7.919524462734339743e-01
7.946959304983995942e-01 8.870598994055783892e-02
1.326017375400091042e-02 3.461362597165066335e-01
5.665294924554183931e-01 7.398262459990855300e-01
9.551897576588934680e-01 6.652949245541838197e-01
1.161408321902149127e-01 9.606767261088248189e-01
5.116598079561042178e-01 2.112482853223593970e-01
6.776406035665294425e-01 8.587105624142661320e-01
2.524005486968449730e-01 2.245084590763603005e-01
4.261545496113397502e-01 5.262917238225880423e-01
8.166438042981253309e-01 7.617741197988111557e-01
6.081390032007315954e-02 6.081390032007315954e-02
6.474622770919067349e-01 3.708276177411979901e-01
9.035208047553726640e-01 1.449474165523548241e-01
2.066758116140832158e-01 5.925925925925925597e-01
5.441243712848651271e-01 9.798811156835848246e-01
7.297668038408778868e-01 4.924554183813443231e-01
2.720621856424325635e-01 8.180155464106081409e-01
3.571101966163694463e-01 2.642889803383630665e-01
8.820301783264745676e-01 2.427983539094650256e-01
9.327846364883402019e-02 5.432098765432098464e-01
6.200274348422496473e-01 8.811156835848193980e-01
9.698216735253771814e-01 3.379058070416094961e-01
1.527206218564243212e-01 7.128486511202560827e-01
4.695930498399634168e-01 1.015089163237311437e-01
7.713763145861911585e-01 9.410150891632372838e-01
3.168724279835390956e-01 1.961591220850480155e-01
3.863740283493369843e-01 6.470050297210790946e-01
7.796067672610882404e-01 8.413351623228166876e-01
3.292181069958848016e-02 2.821216278006401512e-01
5.884773662551440188e-01 4.965706447187928640e-01
9.442158207590306551e-01 3.749428440786464756e-02
1.321444901691815332e-01 4.005486968449931684e-01
4.851394604481024109e-01 7.704618198445358779e-01
6.808413351623228138e-01 6.136259716506630157e-01
2.459990855052583414e-01 9.629629629629629095e-01
4.421582075903063291e-01 1.184270690443529894e-01
8.367626886145405063e-01 4.545038866026520075e-01
6.492912665752172130e-02 7.860082304526748720e-01
6.634659350708733694e-01 2.981252857796067857e-01
8.971193415637860324e-01 6.867855509830818050e-01
1.920438957475994468e-01 2.469135802469136012e-02
5.240054869684499517e-01 4.124371284865112064e-01
7.261088248742569862e-01 1.550068587105624118e-01
2.661179698216735168e-01 5.861911294010059281e-01
3.699131229995427650e-01 9.181527206218563775e-01
8.737997256515774858e-01 1.810699588477366340e-01
7.818930041152263866e-02 5.660722450845907527e-01
6.017375400091449222e-01 8.911751257430269302e-01
9.849108367626886462e-01 4.755372656607224635e-01
1.659807956104252524e-01 8.106995884773662286e-01
4.522176497485139723e-01 3.292181069958847739e-01
7.475994513031549715e-01 6.698673982624600010e-01
3.255601280292638178e-01 9.144947416552400054e-04
4.019204389574759784e-01 4.266117969821673350e-01
8.038408779149519567e-01 9.336991312299954826e-01
5.944215820759030273e-03 2.075903063557384409e-01
5.679012345679012030e-01 6.364883401920439221e-01
9.341563786008230119e-01 2.560585276634659291e-01
1.426611796982167335e-01 5.381801554641061358e-01
5.052583447645175863e-01 8.751714677640604068e-01
6.982167352537722582e-01 3.676268861454046744e-01
2.235939643347050754e-01 7.233653406492912552e-01
4.101508916323731158e-01 8.413351623228165765e-02
8.436213991769547782e-01 6.232281664380430186e-01
4.343850022862368737e-02 9.986282578875171900e-01
6.296296296296296502e-01 1.348879743941472364e-01
9.208962048468221084e-01 8.335619570187471350e-01
2.098765432098765316e-01 2.921810699588477389e-01
5.377229080932784955e-01 5.061728395061728669e-01
7.123914037494284424e-01 6.492912665752172130e-02
2.912665752171925138e-01 3.932327389117512562e-01
3.347050754458161803e-01 7.416552354823959803e-01
8.628257887517146729e-01 7.352537722908093487e-01
1.028806584362139953e-01 9.190672153635116859e-02
6.131687242798353754e-01 3.529949702789209054e-01
9.885688157293095468e-01 2.149062642889803254e-01
1.833561957018747246e-01 6.566072245084590975e-01
4.627343392775491449e-01 9.551897576588934680e-01
7.631458619112939656e-01 5.299497027892089429e-01
2.976680384087791453e-01 8.614540466392318629e-01
3.721993598536808556e-01 2.290809327846364818e-01
7.901234567901234129e-01 3.767718335619570369e-01
1.783264746227709169e-02 7.535436671239140738e-01
5.624142661179698521e-01 5.212620027434842346e-02
9.615912208504800995e-01 9.835390946502057252e-01
1.193415637860082285e-01 1.394604481024234177e-01
5.157750342935527588e-01 6.003657978966621123e-01
6.730681298582532612e-01 2.688614540466392477e-01
2.487425697302240446e-01 4.865112025605852764e-01
4.302697759487882911e-01 8.248742569730224128e-01
8.248742569730224128e-01 1.966163694558755934e-02
4.938271604938271331e-02 4.398719707361682940e-01
6.534064929126657262e-01 6.927297668038409073e-01
9.099222679469592956e-01 5.724737082761773843e-01
2.053040695016003780e-01 9.067215363511660353e-01
5.509830818472793990e-01 1.646090534979423869e-01
7.379972565157750797e-01 7.974394147233653252e-01
2.812071330589849261e-01 3.113854595336076891e-01
3.479652491998170838e-01 4.581618655692729636e-01
8.884316415180613102e-01 5.025148605395518553e-01
8.641975308641974829e-02 8.440786465477823075e-01
6.255144032921811093e-01 2.757201646090535196e-01
9.647919524462734708e-01 7.745770461819844188e-01
1.504343850022862306e-01 4.572473708276177107e-02
4.732510288065843729e-01 4.069501600365798000e-01
7.654320987654320563e-01 1.147690900777320472e-01
3.122999542752629143e-01 6.122542295381802058e-01
3.946044810242341216e-01 9.734796524919981930e-01
7.882944673068129626e-01 3.036122542295381921e-01
2.514860539551897964e-02 4.485596707818930162e-01
5.802469135802469369e-01 7.791495198902606001e-01
9.465020576131687458e-01 4.174668495656149725e-01
1.303155006858710552e-01 6.799268404206675331e-01
4.892546867855510073e-01 2.972107910379515050e-02
6.881572930955647260e-01 9.236396890717878394e-01
2.350251486053955285e-01 1.518061271147690960e-01
4.398719707361682940e-01 5.811614083219021065e-01
8.271604938271605034e-01 8.770004572473708571e-01
6.995884773662551515e-02 2.359396433470507537e-01
6.561499771376314571e-01 5.528120713305898493e-01
8.930041152263374915e-01 1.083676268861454017e-01
1.938728852309099249e-01 3.420210333790580925e-01
5.198902606310014107e-01 7.101051668952903517e-01
7.210791037951531646e-01 6.456332876085962846e-01
2.597165066300868852e-01 9.433013260173753745e-01
3.612254229538180428e-01 1.870141746684956530e-01
8.655692729766804039e-01 6.410608139003201034e-01
8.413351623228165765e-02 9.268404206675812107e-01
5.971650663008687410e-01 1.989026063100137187e-01
9.780521262002743743e-01 8.641975308641974829e-01
1.632373113854595215e-01 2.482853223593964320e-01
4.526748971193415572e-01 5.413808870598993961e-01
7.526291723822587931e-01 7.864654778235025123e-02
3.209876543209876365e-01 3.653406492912665837e-01
4.042066758116140690e-01 7.165066300868769833e-01
8.116140832190215093e-01 1.284865112025605771e-01
9.602194787379969912e-03 6.268861454046639192e-01
5.752171925011431153e-01 9.949702789208961784e-01
9.263831732967535704e-01 5.116598079561042178e-01
1.476909007773205273e-01 8.372199359853680356e-01
5.006858710562414050e-01 2.903520804755372886e-01
7.032464563328760798e-01 7.521719250114311528e-01
2.318244170096021850e-01 6.812985825331503709e-02
4.115226337448559812e-01 3.882030178326474346e-01
8.399634202103337666e-01 8.934613625971650208e-01
4.069501600365797722e-02 1.728395061728394966e-01
6.378600823045267321e-01 5.633287608596250218e-01
9.218106995884773891e-01 3.283036122542295487e-01
2.139917695473251003e-01 4.700502972107910571e-01
5.313214449016918639e-01 8.102423411065385883e-01
7.091906721536350711e-01 4.307270233196159315e-01
2.935528120713306044e-01 6.785550983081847232e-01
3.452217649748514083e-01 1.005944215820758943e-02
8.550525834476452314e-01 5.441243712848650715e-02
1.010516689529035173e-01 3.808870598994055778e-01
6.067672610882487438e-01 7.585733882030177844e-01
9.963420210333790994e-01 6.035665294924553725e-01
1.755829903978051998e-01 9.789666209419295440e-01
4.654778235025148758e-01 1.435756744398719587e-01
7.553726566072245241e-01 8.193872885230909509e-01
3.072702331961591482e-01 2.624599908550525607e-01
3.744855967078189463e-01 4.819387288523090951e-01
8.015546410608138661e-01 7.014174668495656295e-01
2.149062642889803046e-02 2.286236854138088900e-02
5.564700502972107499e-01 4.339277549154092473e-01
9.506172839506172867e-01 1.636945587562871618e-01
1.124828532235939704e-01 5.679012345679012030e-01
5.098308184727937675e-01 9.099222679469592956e-01
6.694101508916323606e-01 4.677640603566529665e-01
2.569730224051211542e-01 7.983539094650206058e-01
4.224965706447187941e-01 3.191586648376771862e-01
8.216735253772290415e-01 3.566529492455418615e-01
5.441243712848650715e-02 7.288523090992227171e-01
6.433470507544581940e-01 9.785093735711020146e-02
9.067215363511660353e-01 9.538180155464106580e-01
2.011888431641518094e-01 2.185642432556012815e-01
5.550983081847279399e-01 6.588934613625971881e-01
7.334247828074988984e-01 2.309099222679469599e-01
2.789208962048468354e-01 5.208047553726565804e-01
3.502514860539551744e-01 8.545953360768175910e-01
8.774577046181984974e-01 7.850937357110197024e-01
9.465020576131687180e-02 3.068129858253315079e-01
6.223136716963877380e-01 4.449016918152720601e-01
9.721079103795152720e-01 3.429355281207133177e-02
1.568358481938728899e-01 4.101508916323731158e-01
4.810242341106538699e-01 6.886145404663923664e-01
7.759487882944673398e-01 5.907636031092821094e-01
3.136716963877457798e-01 9.172382258802012078e-01
3.904892546867855252e-01 1.586648376771833679e-01
7.841792409693644217e-01 5.505258344764517586e-01
3.155006858710562162e-02 8.884316415180613102e-01
5.871056241426612088e-01 2.423411065386374130e-01
9.387288523090991932e-01 7.073616826703246208e-01
1.252857796067672613e-01 1.056241426611796985e-01
4.933699131229995483e-01 3.360768175582990458e-01
6.858710562414266354e-01 1.902149062642889688e-01
2.409693644261545475e-01 6.538637402834933665e-01
4.320987654320987414e-01 9.478737997256515557e-01
8.317329675354366847e-01 2.716049382716049232e-01
6.584362139917696033e-02 4.979423868312757295e-01
6.602652034750799981e-01 8.504801097393690501e-01
8.907178783721994009e-01 3.955189757658893468e-01
1.865569272976680404e-01 7.677183356195701469e-01
5.299497027892089429e-01 4.252400548696844834e-02
7.183356195701874336e-01 9.679926840420667311e-01
2.684042066758116074e-01 1.193415637860082285e-01
3.644261545496113586e-01 6.049382716049382935e-01
8.715134887974393951e-01 3.095564700502971833e-01
7.453132144490169642e-02 4.567901234567900981e-01
5.957933241883859310e-01 7.956104252400548749e-01
9.794238683127571843e-01 4.380429812528577882e-01
1.700960219478737934e-01 6.950160036579789979e-01
4.449016918152720601e-01 1.828989483310471120e-02
7.421124828532236206e-01 9.085505258344764856e-01
3.296753543667124142e-01 1.664380429812528650e-01
3.955189757658893468e-01 5.752171925011431153e-01
8.093278463648834187e-01 8.628257887517146729e-01
1.371742112482850088e-03 2.281664380429812566e-01
5.765889346136259253e-01 5.290352080475537733e-01
9.318701417466849213e-01 9.099222679469592956e-02
1.376314586191129397e-01 3.507087334247828148e-01
4.970278920896205044e-01 7.347965249199817084e-01
6.913580246913579863e-01 6.579789666209419075e-01
2.263374485596707786e-01 9.570187471422039183e-01
4.174668495656149725e-01 2.153635116598079657e-01
8.504801097393690501e-01 4.887974394147233670e-01
4.663923182441701010e-02 8.230452674897119625e-01
6.342021033379058315e-01 2.702331961591220577e-01
9.163237311385459272e-01 7.553726566072245241e-01
2.203932327389117596e-01 5.121170553269317749e-02
5.404663923182441154e-01 3.744855967078189463e-01
7.055326931870141705e-01 1.367169638774577145e-01
2.866941015089163325e-01 5.976223136716963813e-01
3.388203017832647213e-01 9.867398262459990965e-01
8.559670781893004010e-01 9.451303155006858248e-01
1.101966163694558798e-01 1.860996799268404278e-01
6.117969821673525654e-01 6.438042981252858343e-01
9.954275262917238187e-01 2.382258802011888443e-01
1.778692272519432904e-01 5.514403292181070393e-01
4.567901234567900981e-01 8.802011888431641173e-01
7.572016460905349744e-01 3.438500228623685429e-01
3.026977594878829669e-01 7.087334247828075418e-01
3.790580704160951275e-01 1.074531321444901627e-01
7.960676726108825152e-01 6.095107453132144748e-01
1.463191586648377070e-02 9.711934156378601024e-01
5.651577503429355831e-01 1.120256058527663440e-01
9.574759945130315586e-01 8.449931412894375882e-01
1.165980795610425252e-01 2.793781435756744203e-01
5.134887974394146681e-01 5.048010973936899459e-01
6.771833561957019132e-01 4.663923182441701010e-02
2.510288065843621630e-01 4.032921810699588439e-01
4.275262917238226157e-01 7.773205304069501498e-01
8.152720621856424099e-01 1.499771376314586180e-01
5.761316872427983682e-02 5.839048925468678375e-01
6.488340192043895449e-01 9.254686785550982897e-01
9.021490626428898540e-01 4.503886602652034665e-01
2.075903063557384409e-01 7.782350251486054304e-01
5.445816186556927674e-01 3.022405121170553266e-01
7.315957933241883371e-01 6.817558299039780945e-01
2.734339277549154290e-01 3.200731595793324114e-02
3.557384545038865808e-01 4.165523548239597473e-01
8.843164151806126583e-01 3.941472336534064813e-01
9.099222679469592956e-02 7.421124828532236206e-01
6.181984453589391970e-01 6.355738454503886969e-02
9.693644261545496521e-01 9.967992684042066287e-01
1.554641060813900244e-01 1.330589849108367584e-01
4.723365340649291477e-01 6.250571559213534689e-01
7.704618198445358779e-01 2.935528120713306044e-01
3.187014174668495459e-01 5.089163237311385979e-01
3.850022862368541188e-01 8.344764517604024157e-01
7.809785093735710504e-01 1.371742112482850088e-03
3.657978966620942241e-02 4.247828074988568847e-01
5.903063557384544691e-01 6.684956561499771910e-01
9.428440786465477341e-01 5.642432556012803024e-01
1.339734796524920113e-01 8.888888888888888395e-01
4.837677183356195454e-01 1.833561957018747246e-01
6.826703246456332641e-01 8.134430727023319596e-01
2.450845907636031162e-01 3.324188385916780897e-01
4.439871970736168350e-01 4.764517604023776887e-01
8.353909465020575853e-01 7.201646090534979949e-01
6.172839506172839164e-02 8.596250571559213571e-02
6.652949245541838197e-01 3.671696387745770340e-01
9.007773205304069331e-01 2.066758116140832158e-01
1.911294010059442217e-01 6.342021033379058315e-01
5.258344764517604020e-01 9.300411522633744710e-01
7.270233196159121558e-01 5.363511659807955745e-01
2.652034750800182916e-01 8.742569730224051261e-01
3.662551440329218089e-01 2.569730224051211542e-01
8.756287151348879361e-01 5.185185185185184897e-01
8.001828989483310284e-02 8.536808413351623104e-01
6.031092821216278432e-01 2.341106538637402756e-01
9.839963420210333656e-01 7.306812985825331674e-01
1.673525377229080902e-01 9.556470050297211083e-02
4.499314128943758817e-01 3.539094650205761305e-01
7.466849565614998019e-01 2.208504801097393722e-01
3.287608596250571336e-01 6.602652034750799981e-01
4.000914494741655281e-01 9.519890260631000967e-01
8.056698673982624070e-01 2.610882487425697507e-01
5.029721079103799918e-03 4.833104709647919606e-01
5.692729766803841240e-01 8.207590306355738718e-01
9.359853680841334622e-01 3.786008230452674872e-01
1.399176954732510303e-01 7.599451303155007054e-01
5.038866026520347763e-01 5.669867398262459779e-02
6.954732510288066383e-01 9.757658893461362837e-01
2.249657064471879409e-01 1.408321902149062554e-01
4.096936442615454754e-01 6.031092821216278432e-01
8.449931412894375882e-01 8.020118884316415064e-01
4.389574759945129995e-02 3.205304069501600517e-01
6.323731138545953812e-01 4.654778235025148758e-01
9.176954732510288482e-01 2.331961591220850852e-02
2.126200274348422625e-01 4.320987654320987414e-01
5.368084133516232148e-01 7.032464563328760798e-01
7.146776406035665330e-01 5.711019661636945743e-01
2.903520804755372886e-01 9.112940100594421056e-01
3.369913122999542709e-01 1.618655692729766837e-01
8.605395518975765823e-01 1.211705532693187065e-01
1.042524005486968469e-01 6.072245084590763842e-01
6.159122085048011064e-01 9.684499314128943714e-01
9.894833104709648275e-01 5.016003657978966856e-01
1.838134430727023372e-01 8.500228623685414098e-01
4.641060813900320103e-01 2.738911751257430138e-01
7.640603566529492463e-01 7.681755829903977872e-01
2.999542752629172360e-01 4.206675811614082883e-02
3.712848651120256305e-01 3.987197073616826626e-01
7.919524462734339743e-01 9.135802469135801962e-01
1.920438957475995023e-02 1.568358481938728899e-01
5.596707818930041212e-01 5.889346136259716591e-01
9.588477366255143686e-01 3.072702331961591482e-01
1.225422953818015581e-01 4.462734339277549256e-01
5.148605395518975891e-01 7.823502514860539714e-01
6.707818930041152816e-01 4.083219021490626655e-01
2.469135802469135665e-01 6.877000457247370857e-01
4.288980338363054257e-01 3.566529492455418338e-02
8.235025148605396028e-01 6.502057613168724659e-01
5.258344764517604297e-02 9.474165523548239154e-01
6.506630086876999952e-01 1.929583904892546997e-01
9.117512574302697459e-01 8.856881572930955793e-01
2.030178326474622874e-01 2.391403749428440695e-01
5.482395976223136680e-01 5.486968449931413083e-01
7.366255144032921587e-01 1.037951531778692205e-01
2.830361225422953764e-01 3.347050754458161803e-01
3.493369913122999493e-01 7.059899405578418108e-01
8.856881572930955793e-01 6.758116140832189922e-01
9.007773205304069053e-02 9.144947416552360805e-03
6.287151348879743695e-01 4.302697759487882911e-01
9.666209419295839211e-01 1.746684956561499746e-01
1.518061271147690960e-01 5.619570187471422118e-01
4.769090077732053290e-01 8.962048468221307518e-01
7.681755829903977872e-01 4.718792866941015074e-01
3.086419753086419582e-01 8.070416095107453280e-01
3.923182441700960310e-01 3.260173754000914581e-01
7.892089620484682433e-01 3.625971650663008528e-01
2.697759487882945076e-02 7.187928669410150739e-01
5.816186556927297469e-01 7.956104252400549026e-02
9.492455418381344767e-01 9.286694101508916610e-01
1.289437585733881897e-01 1.984453589391861061e-01
4.865112025605852764e-01 6.396890717878371824e-01
6.899862825788751763e-01 2.496570644718792975e-01
2.373113854595336192e-01 5.418381344307270364e-01
4.385002286236854285e-01 8.664837677183355735e-01
8.294467306812985941e-01 6.904435299497027612e-02
7.361682670324645739e-02 3.877457704618198497e-01
6.575217192501142671e-01 7.489711934156378925e-01
8.962048468221307518e-01 6.255144032921811093e-01
1.970736168267032407e-01 9.926840420667580878e-01
5.212620027434842207e-01 1.298582533150434426e-01
7.238225880201188955e-01 8.353909465020575853e-01
2.624599908550525607e-01 2.885230909922267828e-01
3.580246913580246715e-01 5.102880658436214079e-01
8.678555098308184945e-01 8.152720621856424099e-01
8.276177411979880605e-02 2.647462277091906513e-01
5.989940557841791913e-01 4.906264288980338173e-01
9.757658893461362837e-01 5.807041609510746327e-02
1.623228166438042963e-01 3.717421124828532153e-01
4.558756287151348729e-01 7.631458619112939656e-01
7.503429355281207025e-01 5.944215820759030100e-01
3.237311385459533675e-01 9.830818472793781959e-01
4.046639231824417093e-01 1.472336534064929148e-01
8.143575674439872403e-01 4.613625971650662794e-01
8.230452674897120041e-03 7.937814357567444246e-01
5.729309556470050246e-01 3.132144490169181394e-01
9.272976680384087400e-01 6.954732510288066383e-01
1.463191586648376896e-01 1.463191586648377070e-02
4.993141289437585950e-01 4.403292181069958788e-01
7.000457247370827085e-01 1.691815272062185682e-01
2.304526748971193473e-01 5.784179240969364866e-01
4.128943758573388467e-01 9.030635573845450237e-01
8.427069044352994975e-01 2.249657064471879409e-01
3.795153177869226707e-02 5.230909922267946710e-01
6.392318244170096531e-01 8.559670781893004010e-01
9.240969364426154797e-01 3.484224965706447241e-01
2.171925011431184160e-01 7.370827617741197990e-01
5.336076817558299545e-01 8.733424782807498732e-02
7.087334247828075418e-01 9.597622313671696492e-01
2.953818015546410547e-01 2.126200274348422625e-01
3.429355281207133177e-01 6.648376771833561794e-01
8.532235939643346700e-01 5.871056241426612088e-01
9.967992684042066565e-02 9.195244627343392985e-01
6.076817558299040245e-01 1.527206218564243212e-01
9.972565157750342690e-01 7.873799725651577930e-01
1.751257430269775872e-01 2.967535436671239202e-01
4.686785550983081916e-01 4.558756287151348729e-01
7.535436671239140738e-01 2.789208962048467938e-02
3.049839963420210576e-01 4.133516232281664315e-01
3.776863283036122620e-01 6.849565614997713547e-01
7.997256515775034158e-01 1.957018747142204029e-01
2.377686328303612109e-02 6.483767718335619046e-01
5.573845450388660305e-01 9.382716049382715529e-01
9.538180155464106580e-01 5.445816186556927674e-01
1.143118427069044346e-01 8.838591678097851290e-01
5.075445816186556769e-01 2.459990855052583414e-01
6.666666666666666297e-01 7.142203932327388927e-01
2.556012802926383443e-01 1.005944215820759047e-01
4.202103337905807035e-01 3.392775491540923616e-01
8.189300411522634215e-01 9.657064471879286405e-01
5.624142661179699215e-02 1.170553269318701378e-01
6.447187928669410040e-01 6.154549611339734660e-01
9.085505258344764856e-01 2.830361225422953764e-01
1.993598536808413313e-01 4.956561499771376389e-01
5.523548239597622089e-01 8.427069044352994975e-01
7.361682670324645184e-01 4.023776863283036187e-01
2.780064014631916103e-01 7.709190672153635182e-01
3.525377229080932651e-01 3.978052126200275207e-02
8.802011888431641173e-01 7.636031092821216060e-02
9.602194787379972341e-02 3.612254229538180428e-01
6.232281664380430186e-01 7.270233196159121558e-01
9.748513946044810030e-01 6.323731138545953812e-01
1.582075903063557276e-01 9.359853680841334622e-01
4.796524919981710045e-01 2.030178326474622874e-01
7.773205304069501498e-01 8.701417466849565852e-01
3.150434385002286453e-01 2.546867855509830636e-01
3.891175125743027152e-01 5.308641975308642236e-01
7.850937357110197024e-01 7.475994513031549715e-01
2.972107910379515050e-02 7.133058984910836675e-02
5.866483767718335685e-01 3.831732967535436685e-01
9.410150891632372838e-01 1.257430269775948739e-01
1.239140374942844097e-01 6.177411979881115567e-01
4.915409236396890980e-01 9.885688157293095468e-01
6.844993141289437144e-01 5.171467764060356798e-01
2.386831275720164569e-01 8.299039780521262344e-01
4.348422496570644724e-01 2.848651120256058267e-01
8.344764517604024157e-01 4.197530864197530631e-01
6.767261088248742451e-02 6.739826245999085419e-01
6.584362139917695478e-01 5.486968449931409891e-03
8.920896204846822108e-01 8.998628257887517634e-01
1.888431641518061310e-01 1.769547325102880653e-01
5.285779606767261329e-01 5.564700502972107499e-01
7.165066300868769833e-01 3.241883859167809523e-01
2.688614540466392477e-01 4.801097393689986448e-01
3.657978966620941685e-01 8.038408779149519567e-01
